movement_id,operation_id,timestamp,week_id,movement_type,from_location,to_location,source_stock_id,target_stock_id,sabor,cantidad_latas,peso_bruto_kg,tara_kg,peso_neto_kg,tara_final_kg,residuo_final_kg,notes
MOV-000001,,2026-08-11T22:39:19.672376-03:00,WEEK_e35ff34e86b4,CARGA_MANUAL_SALON,INICIAL,SALON,,SAL-0001,CAPUCCINO_GRANIZADO,1,7.735,0.38,7.355,,,
MOV-000002,,2026-08-11T22:39:19.672376-03:00,WEEK_e35ff34e86b4,CARGA_MANUAL_SALON,INICIAL,SALON,,SAL-0002,ANANA,1,7.82,0.38,7.44,,,
MOV-000003,,2026-08-11T22:39:19.672376-03:00,WEEK_e35ff34e86b4,CARGA_MANUAL_SALON,INICIAL,SALON,,SAL-0003,CHOCOLATE_MANI_CRUNCH,1,7.85,0.38,7.47,,,
MOV-000004,,2026-08-11T22:39:19.672376-03:00,WEEK_e35ff34e86b4,CARGA_MANUAL_SALON,INICIAL,SALON,,SAL-0004,QUINOTO,1,8.075,0.38,7.694999999999999,,,
MOV-000005,,2026-08-11T22:39:19.672376-03:00,WEEK_e35ff34e86b4,CARGA_MANUAL_SALON,INICIAL,SALON,,SAL-0005,CHOCOLATE_SUIZO,1,8.0,0.38,7.62,,,
MOV-000006,,2026-08-11T22:39:19.672376-03:00,WEEK_e35ff34e86b4,CARGA_MANUAL_SALON,INICIAL,SALON,,SAL-0006,CHOCOLATE,1,7.99,0.38,7.61,,,
MOV-000007,,2026-08-11T22:39:19.672376-03:00,WEEK_e35ff34e86b4,CARGA_MANUAL_SALON,INICIAL,SALON,,SAL-0007,CHOCOLATE_BLANCO,1,8.005,0.38,7.625000000000001,,,
MOV-000008,,2026-08-11T22:39:19.672376-03:00,WEEK_e35ff34e86b4,CARGA_MANUAL_SALON,INICIAL,SALON,,SAL-0008,CHOCOLATE_CON_ALMENDRAS,1,8.015,0.38,7.635000000000001,,,
MOV-000009,,2026-08-11T22:39:19.672376-03:00,WEEK_e35ff34e86b4,CARGA_MANUAL_SALON,INICIAL,SALON,,SAL-0009,GRIDO_MARROC,1,7.97,0.38,7.59,,,
MOV-000010,,2026-08-11T22:39:19.672376-03:00,WEEK_e35ff34e86b4,CARGA_MANUAL_SALON,INICIAL,SALON,,SAL-0010,CREMA_RUSA,1,7.9,0.38,7.52,,,
MOV-000011,,2026-08-11T22:39:19.672376-03:00,WEEK_e35ff34e86b4,CARGA_MANUAL_SALON,INICIAL,SALON,,SAL-0011,TIRAMISU,1,7.915,0.38,7.535,,,
MOV-000012,,2026-08-11T22:39:19.672376-03:00,WEEK_e35ff34e86b4,CARGA_MANUAL_SALON,INICIAL,SALON,,SAL-0012,SUPER_GRIDITO,1,8.215,0.38,7.835,,,
MOV-000013,,2026-08-11T22:39:19.672376-03:00,WEEK_e35ff34e86b4,CARGA_MANUAL_SALON,INICIAL,SALON,,SAL-0013,MENTA_GRANIZADO,1,8.06,0.38,7.680000000000001,,,
MOV-000014,,2026-08-11T22:39:19.672376-03:00,WEEK_e35ff34e86b4,CARGA_MANUAL_SALON,INICIAL,SALON,,SAL-0014,CEREZA,1,7.775,0.38,7.395,,,
MOV-000015,,2026-08-11T22:39:19.672376-03:00,WEEK_e35ff34e86b4,CARGA_MANUAL_SALON,INICIAL,SALON,,SAL-0015,CHOCOLATE_BLANCO_OREO,1,7.965,0.38,7.585,,,
MOV-000016,,2026-08-11T22:39:19.672376-03:00,WEEK_e35ff34e86b4,CARGA_MANUAL_SALON,INICIAL,SALON,,SAL-0016,DULCE_DE_LECHE,1,7.885,0.38,7.505,,,
MOV-000017,,2026-08-11T22:39:19.672376-03:00,WEEK_e35ff34e86b4,CARGA_MANUAL_SALON,INICIAL,SALON,,SAL-0017,DULCE_DE_LECHE_GRANIZADO,1,7.715,0.38,7.335,,,
MOV-000018,,2026-08-11T22:39:19.672376-03:00,WEEK_e35ff34e86b4,CARGA_MANUAL_SALON,INICIAL,SALON,,SAL-0018,DULCE_DE_LECHE_CON_NUEZ,1,7.885,0.38,7.505,,,
MOV-000019,,2026-08-11T22:39:19.672376-03:00,WEEK_e35ff34e86b4,CARGA_MANUAL_SALON,INICIAL,SALON,,SAL-0019,SUPER_DULCE_DE_LECHE,1,8.02,0.38,7.64,,,
MOV-000020,,2026-08-11T22:39:19.672376-03:00,WEEK_e35ff34e86b4,CARGA_MANUAL_SALON,INICIAL,SALON,,SAL-0020,MASCARPONE,1,7.8,0.38,7.42,,,
MOV-000021,,2026-08-11T22:39:19.672376-03:00,WEEK_e35ff34e86b4,CARGA_MANUAL_SALON,INICIAL,SALON,,SAL-0021,DULCE_DE_LECHE_BROWNIE,1,8.085,0.38,7.705000000000001,,,
MOV-000022,,2026-08-11T22:39:19.672376-03:00,WEEK_e35ff34e86b4,CARGA_MANUAL_SALON,INICIAL,SALON,,SAL-0022,CREMA_COOKIE,1,7.915,0.38,7.535,,,
MOV-000023,,2026-08-11T22:39:19.672376-03:00,WEEK_e35ff34e86b4,CARGA_MANUAL_SALON,INICIAL,SALON,,SAL-0023,AMERICANA,1,8.065,0.38,7.685,,,
MOV-000024,,2026-08-11T22:39:19.672376-03:00,WEEK_e35ff34e86b4,CARGA_MANUAL_SALON,INICIAL,SALON,,SAL-0024,TRAMONTANA,1,8.105,0.38,7.725,,,
MOV-000025,,2026-08-11T22:39:19.672376-03:00,WEEK_e35ff34e86b4,CARGA_MANUAL_SALON,INICIAL,SALON,,SAL-0025,GRANIZADO,1,8.175,0.38,7.795000000000001,,,
MOV-000026,,2026-08-11T22:39:19.672376-03:00,WEEK_e35ff34e86b4,CARGA_MANUAL_SALON,INICIAL,SALON,,SAL-0026,BANANA,1,8.095,0.38,7.715000000000001,,,
MOV-000027,,2026-08-11T22:39:19.672376-03:00,WEEK_e35ff34e86b4,CARGA_MANUAL_SALON,INICIAL,SALON,,SAL-0027,FRUTILLA_A_LA_CREMA,1,8.095,0.38,7.715000000000001,,,
MOV-000028,,2026-08-11T22:39:19.672376-03:00,WEEK_e35ff34e86b4,CARGA_MANUAL_SALON,INICIAL,SALON,,SAL-0028,DURAZNO_A_LA_CREMA,1,7.65,0.38,7.27,,,
MOV-000029,,2026-08-11T22:39:19.672376-03:00,WEEK_e35ff34e86b4,CARGA_MANUAL_SALON,INICIAL,SALON,,SAL-0029,a,1,6.47,0.38,6.09,,,
MOV-000030,,2026-08-11T22:39:19.672376-03:00,WEEK_e35ff34e86b4,CARGA_MANUAL_SALON,INICIAL,SALON,,SAL-0030,b,1,7.96,0.38,7.58,,,
MOV-000031,,2026-08-11T22:39:19.672376-03:00,WEEK_e35ff34e86b4,CARGA_MANUAL_SALON,INICIAL,SALON,,SAL-0031,c,1,6.495,0.38,6.115,,,
MOV-000032,,2026-08-11T22:39:19.672376-03:00,WEEK_e35ff34e86b4,CARGA_MANUAL_SALON,INICIAL,SALON,,SAL-0032,d,1,1.695,0.38,1.315,,,
MOV-000033,,2026-08-11T22:39:19.672376-03:00,WEEK_e35ff34e86b4,CARGA_MANUAL_SALON,INICIAL,SALON,,SAL-0033,e,1,8.58,0.38,8.2,,,
MOV-000034,,2026-08-11T22:39:19.672376-03:00,WEEK_e35ff34e86b4,CARGA_MANUAL_SALON,INICIAL,SALON,,SAL-0034,f,1,4.71,0.38,4.33,,,
MOV-000035,,2026-08-11T22:39:19.672376-03:00,WEEK_e35ff34e86b4,CARGA_MANUAL_SALON,INICIAL,SALON,,SAL-0035,g,1,2.67,0.38,2.29,,,
MOV-000036,,2026-08-11T22:39:19.672376-03:00,WEEK_e35ff34e86b4,CARGA_MANUAL_SALON,INICIAL,SALON,,SAL-0036,h,1,6.65,0.38,6.2700000000000005,,,
MOV-000037,,2026-08-11T22:39:19.672376-03:00,WEEK_e35ff34e86b4,CARGA_MANUAL_SALON,INICIAL,SALON,,SAL-0037,i,1,6.07,0.38,5.69,,,
MOV-000038,,2026-08-11T22:39:19.672376-03:00,WEEK_e35ff34e86b4,CARGA_MANUAL_SALON,INICIAL,SALON,,SAL-0038,j,1,7.01,0.38,6.63,,,
MOV-000039,,2026-08-11T22:39:19.672376-03:00,WEEK_e35ff34e86b4,CARGA_MANUAL_SALON,INICIAL,SALON,,SAL-0039,k,1,2.775,0.38,2.395,,,
MOV-000040,,2026-08-11T22:39:19.672376-03:00,WEEK_e35ff34e86b4,CARGA_MANUAL_SALON,INICIAL,SALON,,SAL-0040,l,1,8.595,0.38,8.215,,,
MOV-000041,,2026-08-11T22:39:19.672376-03:00,WEEK_e35ff34e86b4,CARGA_MANUAL_SALON,INICIAL,SALON,,SAL-0041,m,1,7.03,0.38,6.65,,,
MOV-000042,,2026-08-11T22:39:19.672376-03:00,WEEK_e35ff34e86b4,CARGA_MANUAL_SALON,INICIAL,SALON,,SAL-0042,n,1,4.81,0.38,4.43,,,
MOV-000043,,2026-08-11T22:39:19.672376-03:00,WEEK_e35ff34e86b4,CARGA_MANUAL_SALON,INICIAL,SALON,,SAL-0043,o,1,8.16,0.38,7.78,,,
MOV-000044,,2026-08-11T22:39:19.672376-03:00,WEEK_e35ff34e86b4,CARGA_MANUAL_SALON,INICIAL,SALON,,SAL-0044,p,1,8.605,0.38,8.225,,,
MOV-000045,,2026-08-11T22:39:19.672376-03:00,WEEK_e35ff34e86b4,CARGA_MANUAL_SALON,INICIAL,SALON,,SAL-0045,q,1,8.3,0.38,7.920000000000001,,,
MOV-000046,,2026-08-11T22:39:19.672376-03:00,WEEK_e35ff34e86b4,CARGA_MANUAL_SALON,INICIAL,SALON,,SAL-0046,r,1,5.93,0.38,5.55,,,
MOV-000047,,2026-08-11T22:39:19.672376-03:00,WEEK_e35ff34e86b4,CARGA_MANUAL_SALON,INICIAL,SALON,,SAL-0047,s,1,2.98,0.38,2.6,,,
MOV-000048,,2026-08-11T22:39:19.672376-03:00,WEEK_e35ff34e86b4,CARGA_MANUAL_SALON,INICIAL,SALON,,SAL-0048,t,1,5.585,0.38,5.205,,,
MOV-000049,,2026-08-11T22:39:19.672376-03:00,WEEK_e35ff34e86b4,CARGA_MANUAL_SALON,INICIAL,SALON,,SAL-0049,u,1,6.36,0.38,5.98,,,
MOV-000050,,2026-08-11T22:39:19.672376-03:00,WEEK_e35ff34e86b4,CARGA_MANUAL_SALON,INICIAL,SALON,,SAL-0050,v,1,7.325,0.38,6.945,,,
MOV-000051,,2026-08-11T22:39:19.672376-03:00,WEEK_e35ff34e86b4,CARGA_MANUAL_SALON,INICIAL,SALON,,SAL-0051,w,1,1.56,0.38,1.1800000000000002,,,
MOV-000052,,2026-08-11T22:39:19.672376-03:00,WEEK_e35ff34e86b4,CARGA_MANUAL_SALON,INICIAL,SALON,,SAL-0052,y,1,2.155,0.38,1.775,,,
MOV-000053,,2026-08-11T22:39:19.672376-03:00,WEEK_e35ff34e86b4,CARGA_MANUAL_SALON,INICIAL,SALON,,SAL-0053,z,1,2.52,0.38,2.14,,,
MOV-000054,,2026-08-11T22:39:19.672376-03:00,WEEK_e35ff34e86b4,CARGA_MANUAL_SALON,INICIAL,SALON,,SAL-0054,aa,1,3.44,0.38,3.06,,,
MOV-000055,,2026-08-11T22:39:19.672376-03:00,WEEK_e35ff34e86b4,CARGA_MANUAL_SALON,INICIAL,SALON,,SAL-0055,bb,1,1.93,0.38,1.5499999999999998,,,
MOV-000056,,2026-08-11T22:39:19.672376-03:00,WEEK_e35ff34e86b4,CARGA_MANUAL_SALON,INICIAL,SALON,,SAL-0056,cc,1,5.32,0.38,4.94,,,
MOV-000057,,2026-08-11T22:39:19.672376-03:00,WEEK_e35ff34e86b4,CARGA_MANUAL_SALON,INICIAL,SALON,,SAL-0057,dd,1,6.875,0.38,6.495,,,
MOV-000058,,2026-08-11T22:39:19.672376-03:00,WEEK_e35ff34e86b4,CARGA_MANUAL_SALON,INICIAL,SALON,,SAL-0058,ee,1,2.99,0.38,2.6100000000000003,,,
MOV-000059,,2026-08-11T22:39:19.672376-03:00,WEEK_e35ff34e86b4,CARGA_MANUAL_SALON,INICIAL,SALON,,SAL-0059,hh,1,7.095,0.38,6.715,,,
MOV-000060,,2026-08-11T22:39:19.672376-03:00,WEEK_e35ff34e86b4,CARGA_MANUAL_SALON,INICIAL,SALON,,SAL-0060,ii,1,9.38,0.38,9.0,,,
MOV-000061,,2026-08-11T22:39:19.672376-03:00,WEEK_e35ff34e86b4,CARGA_MANUAL_SALON,INICIAL,SALON,,SAL-0061,jj,1,5.835,0.38,5.455,,,
MOV-000062,,2026-08-11T22:39:19.672376-03:00,WEEK_e35ff34e86b4,CARGA_MANUAL_SALON,INICIAL,SALON,,SAL-0062,kk,1,2.615,0.38,2.2350000000000003,,,
MOV-000063,,2026-08-11T22:39:19.672376-03:00,WEEK_e35ff34e86b4,CARGA_MANUAL_SALON,INICIAL,SALON,,SAL-0063,ll,1,2.46,0.38,2.08,,,
MOV-000064,,2026-08-11T22:39:19.672376-03:00,WEEK_e35ff34e86b4,CARGA_MANUAL_SALON,INICIAL,SALON,,SAL-0064,mm,1,12.99,0.38,12.61,,,
MOV-000065,,2026-08-12T01:33:06.547601-03:00,WEEK_9a885b3cb382,LATA_ABIERTA,SALON,SALON,SAL-0001,SAL-0001,CAPUCCINO_GRANIZADO,1,7.735,0.38,7.355,,,
MOV-000066,FINALIZA-000001,2026-08-12T14:46:42.297139-03:00,WEEK_9a885b3cb382,LATA_AGOTADA,SALON,FUERA_STOCK,SAL-0001,,CAPUCCINO_GRANIZADO,1,0.4,0.4,0.0,0.4,0.02,
MOV-000067,INGRESO-CAMARA-000001,2026-08-13T11:46:33.547789-03:00,WEEK-000001,INGRESO_CAMARA,EXTERNO,CAMARA,,CAM-BAN-000002,BANANA,1,,,7.8,,,
MOV-000068,INGRESO-CAMARA-000001,2026-08-13T11:46:33.547789-03:00,WEEK-000001,INGRESO_CAMARA,EXTERNO,CAMARA,,CAM-BAN-000003,BANANA,1,,,7.8,,,
MOV-000069,INGRESO-CAMARA-000001,2026-08-13T11:46:33.547789-03:00,WEEK-000001,INGRESO_CAMARA,EXTERNO,CAMARA,,CAM-BAN-000004,BANANA,1,,,7.8,,,
MOV-000070,INGRESO-CAMARA-000001,2026-08-13T11:46:33.547789-03:00,WEEK-000001,INGRESO_CAMARA,EXTERNO,CAMARA,,CAM-BAN-000005,BANANA,1,,,7.8,,,
MOV-000071,INGRESO-CAMARA-000002,2026-08-13T11:46:37.911650-03:00,WEEK-000001,INGRESO_CAMARA,EXTERNO,CAMARA,,CAM-BAN-000006,BANANA,1,,,7.8,,,
MOV-000072,INGRESO-CAMARA-000002,2026-08-13T11:46:37.911650-03:00,WEEK-000001,INGRESO_CAMARA,EXTERNO,CAMARA,,CAM-BAN-000007,BANANA,1,,,7.8,,,
MOV-000073,INGRESO-CAMARA-000002,2026-08-13T11:46:37.911650-03:00,WEEK-000001,INGRESO_CAMARA,EXTERNO,CAMARA,,CAM-BAN-000008,BANANA,1,,,7.8,,,
MOV-000074,INGRESO-CAMARA-000002,2026-08-13T11:46:37.911650-03:00,WEEK-000001,INGRESO_CAMARA,EXTERNO,CAMARA,,CAM-BAN-000009,BANANA,1,,,7.8,,,
MOV-000075,INGRESO-CAMARA-000003,2026-08-14T19:50:05.352675-03:00,WEEK-000001,INGRESO_CAMARA,EXTERNO,CAMARA,,CAM-SGI-000001,SUPER_GRIDITO,1,,,7.8,,,
MOV-000076,INGRESO-CAMARA-000003,2026-08-14T19:50:05.352675-03:00,WEEK-000001,INGRESO_CAMARA,EXTERNO,CAMARA,,CAM-SGI-000002,SUPER_GRIDITO,1,,,7.8,,,
MOV-000077,INGRESO-CAMARA-000003,2026-08-14T19:50:05.352675-03:00,WEEK-000001,INGRESO_CAMARA,EXTERNO,CAMARA,,CAM-SGI-000003,SUPER_GRIDITO,1,,,7.8,,,
MOV-000078,INGRESO-CAMARA-000004,2026-08-14T19:50:34.467289-03:00,WEEK-000001,INGRESO_CAMARA,EXTERNO,CAMARA,,CAM-VAI-000001,VAINILLA,1,,,7.8,,,
MOV-000079,INGRESO-CAMARA-000004,2026-08-14T19:50:34.467289-03:00,WEEK-000001,INGRESO_CAMARA,EXTERNO,CAMARA,,CAM-VAI-000002,VAINILLA,1,,,7.8,,,
MOV-000080,INGRESO-CAMARA-000004,2026-08-14T19:50:34.467289-03:00,WEEK-000001,INGRESO_CAMARA,EXTERNO,CAMARA,,CAM-VAI-000003,VAINILLA,1,,,7.8,,,
MOV-000081,INGRESO-CAMARA-000004,2026-08-14T19:50:34.467289-03:00,WEEK-000001,INGRESO_CAMARA,EXTERNO,CAMARA,,CAM-VAI-000004,VAINILLA,1,,,7.8,,,
MOV-000082,INGRESO-CAMARA-000005,2026-08-14T19:50:50.619069-03:00,WEEK-000001,INGRESO_CAMARA,EXTERNO,CAMARA,,CAM-CRU-000001,CREMA_RUSA,1,,,7.8,,,
MOV-000083,INGRESO-CAMARA-000005,2026-08-14T19:50:50.619069-03:00,WEEK-000001,INGRESO_CAMARA,EXTERNO,CAMARA,,CAM-CRU-000002,CREMA_RUSA,1,,,7.8,,,
MOV-000084,INGRESO-CAMARA-000005,2026-08-14T19:50:50.619069-03:00,WEEK-000001,INGRESO_CAMARA,EXTERNO,CAMARA,,CAM-CRU-000003,CREMA_RUSA,1,,,7.8,,,
MOV-000085,INGRESO-CAMARA-000006,2026-08-14T19:51:24.158225-03:00,WEEK-000001,INGRESO_CAMARA,EXTERNO,CAMARA,,CAM-FLN-000001,FLAN,1,,,7.8,,,
MOV-000086,INGRESO-CAMARA-000006,2026-08-14T19:51:24.158225-03:00,WEEK-000001,INGRESO_CAMARA,EXTERNO,CAMARA,,CAM-FLN-000002,FLAN,1,,,7.8,,,
MOV-000087,INGRESO-CAMARA-000006,2026-08-14T19:51:24.158225-03:00,WEEK-000001,INGRESO_CAMARA,EXTERNO,CAMARA,,CAM-FLN-000003,FLAN,1,,,7.8,,,
MOV-000088,INGRESO-CAMARA-000006,2026-08-14T19:51:24.158225-03:00,WEEK-000001,INGRESO_CAMARA,EXTERNO,CAMARA,,CAM-FLN-000004,FLAN,1,,,7.8,,,
MOV-000089,INGRESO-CAMARA-000006,2026-08-14T19:51:24.158225-03:00,WEEK-000001,INGRESO_CAMARA,EXTERNO,CAMARA,,CAM-FLN-000005,FLAN,1,,,7.8,,,
MOV-000090,INGRESO-CAMARA-000006,2026-08-14T19:51:24.158225-03:00,WEEK-000001,INGRESO_CAMARA,EXTERNO,CAMARA,,CAM-FLN-000006,FLAN,1,,,7.8,,,
MOV-000091,INGRESO-CAMARA-000006,2026-08-14T19:51:24.158225-03:00,WEEK-000001,INGRESO_CAMARA,EXTERNO,CAMARA,,CAM-FLN-000007,FLAN,1,,,7.8,,,
MOV-000092,INGRESO-CAMARA-000006,2026-08-14T19:51:24.158225-03:00,WEEK-000001,INGRESO_CAMARA,EXTERNO,CAMARA,,CAM-FLN-000008,FLAN,1,,,7.8,,,
MOV-000093,INGRESO-CAMARA-000007,2026-08-14T19:51:43.203338-03:00,WEEK-000001,INGRESO_CAMARA,EXTERNO,CAMARA,,CAM-SAM-000001,SAMBAYON,1,,,7.8,,,
MOV-000094,INGRESO-CAMARA-000007,2026-08-14T19:51:43.203338-03:00,WEEK-000001,INGRESO_CAMARA,EXTERNO,CAMARA,,CAM-SAM-000002,SAMBAYON,1,,,7.8,,,
MOV-000095,INGRESO-CAMARA-000007,2026-08-14T19:51:43.203338-03:00,WEEK-000001,INGRESO_CAMARA,EXTERNO,CAMARA,,CAM-SAM-000003,SAMBAYON,1,,,7.8,,,
MOV-000096,INGRESO-CAMARA-000008,2026-08-14T19:52:29.846432-03:00,WEEK-000001,INGRESO_CAMARA,EXTERNO,CAMARA,,CAM-MAR-000001,GRIDO_MARROC,1,,,7.8,,,
MOV-000097,INGRESO-CAMARA-000008,2026-08-14T19:52:29.846432-03:00,WEEK-000001,INGRESO_CAMARA,EXTERNO,CAMARA,,CAM-MAR-000002,GRIDO_MARROC,1,,,7.8,,,
MOV-000098,INGRESO-CAMARA-000008,2026-08-14T19:52:29.846432-03:00,WEEK-000001,INGRESO_CAMARA,EXTERNO,CAMARA,,CAM-MAR-000003,GRIDO_MARROC,1,,,7.8,,,
MOV-000099,INGRESO-CAMARA-000008,2026-08-14T19:52:29.846432-03:00,WEEK-000001,INGRESO_CAMARA,EXTERNO,CAMARA,,CAM-MAR-000004,GRIDO_MARROC,1,,,7.8,,,
MOV-000100,INGRESO-CAMARA-000008,2026-08-14T19:52:29.846432-03:00,WEEK-000001,INGRESO_CAMARA,EXTERNO,CAMARA,,CAM-MAR-000005,GRIDO_MARROC,1,,,7.8,,,
MOV-000101,INGRESO-CAMARA-000008,2026-08-14T19:52:29.846432-03:00,WEEK-000001,INGRESO_CAMARA,EXTERNO,CAMARA,,CAM-MAR-000006,GRIDO_MARROC,1,,,7.8,,,
MOV-000102,INGRESO-CAMARA-000008,2026-08-14T19:52:29.846432-03:00,WEEK-000001,INGRESO_CAMARA,EXTERNO,CAMARA,,CAM-MAR-000007,GRIDO_MARROC,1,,,7.8,,,
MOV-000103,INGRESO-CAMARA-000009,2026-08-14T19:52:43.362581-03:00,WEEK-000001,INGRESO_CAMARA,EXTERNO,CAMARA,,CAM-TIR-000001,TIRAMISU,1,,,7.8,,,
MOV-000104,INGRESO-CAMARA-000009,2026-08-14T19:52:43.362581-03:00,WEEK-000001,INGRESO_CAMARA,EXTERNO,CAMARA,,CAM-TIR-000002,TIRAMISU,1,,,7.8,,,
MOV-000105,INGRESO-CAMARA-000009,2026-08-14T19:52:43.362581-03:00,WEEK-000001,INGRESO_CAMARA,EXTERNO,CAMARA,,CAM-TIR-000003,TIRAMISU,1,,,7.8,,,
MOV-000106,INGRESO-CAMARA-000010,2026-08-14T19:53:24.691538-03:00,WEEK-000001,INGRESO_CAMARA,EXTERNO,CAMARA,,CAM-CAP-000001,CAPUCCINO_GRANIZADO,1,,,7.8,,,
MOV-000107,INGRESO-CAMARA-000010,2026-08-14T19:53:24.691538-03:00,WEEK-000001,INGRESO_CAMARA,EXTERNO,CAMARA,,CAM-CAP-000002,CAPUCCINO_GRANIZADO,1,,,7.8,,,
MOV-000108,INGRESO-CAMARA-000011,2026-08-14T19:53:45.292838-03:00,WEEK-000001,INGRESO_CAMARA,EXTERNO,CAMARA,,CAM-MEN-000001,MENTA_GRANIZADO,1,,,7.8,,,
MOV-000109,INGRESO-CAMARA-000011,2026-08-14T19:53:45.292838-03:00,WEEK-000001,INGRESO_CAMARA,EXTERNO,CAMARA,,CAM-MEN-000002,MENTA_GRANIZADO,1,,,7.8,,,
MOV-000110,INGRESO-CAMARA-000011,2026-08-14T19:53:45.292838-03:00,WEEK-000001,INGRESO_CAMARA,EXTERNO,CAMARA,,CAM-MEN-000003,MENTA_GRANIZADO,1,,,7.8,,,
MOV-000111,INGRESO-CAMARA-000012,2026-08-14T19:55:18.021930-03:00,WEEK-000001,INGRESO_CAMARA,EXTERNO,CAMARA,,CAM-CER-000001,CEREZA,1,,,7.8,,,
MOV-000112,INGRESO-CAMARA-000012,2026-08-14T19:55:18.021930-03:00,WEEK-000001,INGRESO_CAMARA,EXTERNO,CAMARA,,CAM-CER-000002,CEREZA,1,,,7.8,,,
MOV-000113,INGRESO-CAMARA-000012,2026-08-14T19:55:18.021930-03:00,WEEK-000001,INGRESO_CAMARA,EXTERNO,CAMARA,,CAM-CER-000003,CEREZA,1,,,7.8,,,
MOV-000114,INGRESO-CAMARA-000013,2026-08-14T19:55:35.719543-03:00,WEEK-000001,INGRESO_CAMARA,EXTERNO,CAMARA,,CAM-ANA-000001,ANANA,1,,,7.8,,,
MOV-000115,INGRESO-CAMARA-000013,2026-08-14T19:55:35.719543-03:00,WEEK-000001,INGRESO_CAMARA,EXTERNO,CAMARA,,CAM-ANA-000002,ANANA,1,,,7.8,,,
MOV-000116,INGRESO-CAMARA-000013,2026-08-14T19:55:35.719543-03:00,WEEK-000001,INGRESO_CAMARA,EXTERNO,CAMARA,,CAM-ANA-000003,ANANA,1,,,7.8,,,
MOV-000117,INGRESO-CAMARA-000014,2026-08-14T19:56:03.331625-03:00,WEEK-000001,INGRESO_CAMARA,EXTERNO,CAMARA,,CAM-QUI-000001,QUINOTO,1,,,7.8,,,
MOV-000118,INGRESO-CAMARA-000014,2026-08-14T19:56:03.331625-03:00,WEEK-000001,INGRESO_CAMARA,EXTERNO,CAMARA,,CAM-QUI-000002,QUINOTO,1,,,7.8,,,
MOV-000119,INGRESO-CAMARA-000014,2026-08-14T19:56:03.331625-03:00,WEEK-000001,INGRESO_CAMARA,EXTERNO,CAMARA,,CAM-QUI-000003,QUINOTO,1,,,7.8,,,
MOV-000120,INGRESO-CAMARA-000014,2026-08-14T19:56:03.331625-03:00,WEEK-000001,INGRESO_CAMARA,EXTERNO,CAMARA,,CAM-QUI-000004,QUINOTO,1,,,7.8,,,
MOV-000121,INGRESO-CAMARA-000015,2026-08-14T19:56:21.445818-03:00,WEEK-000001,INGRESO_CAMARA,EXTERNO,CAMARA,,CAM-MAS-000001,MASCARPONE,1,,,7.8,,,
MOV-000122,INGRESO-CAMARA-000015,2026-08-14T19:56:21.445818-03:00,WEEK-000001,INGRESO_CAMARA,EXTERNO,CAMARA,,CAM-MAS-000002,MASCARPONE,1,,,7.8,,,
MOV-000123,INGRESO-CAMARA-000015,2026-08-14T19:56:21.445818-03:00,WEEK-000001,INGRESO_CAMARA,EXTERNO,CAMARA,,CAM-MAS-000003,MASCARPONE,1,,,7.8,,,
MOV-000124,INGRESO-CAMARA-000015,2026-08-14T19:56:21.445818-03:00,WEEK-000001,INGRESO_CAMARA,EXTERNO,CAMARA,,CAM-MAS-000004,MASCARPONE,1,,,7.8,,,
MOV-000125,INGRESO-CAMARA-000015,2026-08-14T19:56:21.445818-03:00,WEEK-000001,INGRESO_CAMARA,EXTERNO,CAMARA,,CAM-MAS-000005,MASCARPONE,1,,,7.8,,,
MOV-000126,INGRESO-CAMARA-000015,2026-08-14T19:56:21.445818-03:00,WEEK-000001,INGRESO_CAMARA,EXTERNO,CAMARA,,CAM-MAS-000006,MASCARPONE,1,,,7.8,,,
MOV-000127,INGRESO-CAMARA-000015,2026-08-14T19:56:21.445818-03:00,WEEK-000001,INGRESO_CAMARA,EXTERNO,CAMARA,,CAM-MAS-000007,MASCARPONE,1,,,7.8,,,
MOV-000128,INGRESO-CAMARA-000016,2026-08-14T19:56:44.027029-03:00,WEEK-000001,INGRESO_CAMARA,EXTERNO,CAMARA,,CAM-FAC-000001,FRUTILLA_A_LA_CREMA,1,,,7.8,,,
MOV-000129,INGRESO-CAMARA-000016,2026-08-14T19:56:44.027029-03:00,WEEK-000001,INGRESO_CAMARA,EXTERNO,CAMARA,,CAM-FAC-000002,FRUTILLA_A_LA_CREMA,1,,,7.8,,,
MOV-000130,INGRESO-CAMARA-000016,2026-08-14T19:56:44.027029-03:00,WEEK-000001,INGRESO_CAMARA,EXTERNO,CAMARA,,CAM-FAC-000003,FRUTILLA_A_LA_CREMA,1,,,7.8,,,
MOV-000131,INGRESO-CAMARA-000016,2026-08-14T19:56:44.027029-03:00,WEEK-000001,INGRESO_CAMARA,EXTERNO,CAMARA,,CAM-FAC-000004,FRUTILLA_A_LA_CREMA,1,,,7.8,,,
MOV-000132,INGRESO-CAMARA-000016,2026-08-14T19:56:44.027029-03:00,WEEK-000001,INGRESO_CAMARA,EXTERNO,CAMARA,,CAM-FAC-000005,FRUTILLA_A_LA_CREMA,1,,,7.8,,,
MOV-000133,INGRESO-CAMARA-000016,2026-08-14T19:56:44.027029-03:00,WEEK-000001,INGRESO_CAMARA,EXTERNO,CAMARA,,CAM-FAC-000006,FRUTILLA_A_LA_CREMA,1,,,7.8,,,
MOV-000134,INGRESO-CAMARA-000016,2026-08-14T19:56:44.027029-03:00,WEEK-000001,INGRESO_CAMARA,EXTERNO,CAMARA,,CAM-FAC-000007,FRUTILLA_A_LA_CREMA,1,,,7.8,,,
MOV-000135,INGRESO-CAMARA-000016,2026-08-14T19:56:44.027029-03:00,WEEK-000001,INGRESO_CAMARA,EXTERNO,CAMARA,,CAM-FAC-000008,FRUTILLA_A_LA_CREMA,1,,,7.8,,,
MOV-000136,INGRESO-CAMARA-000016,2026-08-14T19:56:44.027029-03:00,WEEK-000001,INGRESO_CAMARA,EXTERNO,CAMARA,,CAM-FAC-000009,FRUTILLA_A_LA_CREMA,1,,,7.8,,,
MOV-000137,INGRESO-CAMARA-000017,2026-08-14T19:56:58.201145-03:00,WEEK-000001,INGRESO_CAMARA,EXTERNO,CAMARA,,CAM-DAC-000001,DURAZNO_A_LA_CREMA,1,,,7.8,,,
MOV-000138,INGRESO-CAMARA-000017,2026-08-14T19:56:58.201145-03:00,WEEK-000001,INGRESO_CAMARA,EXTERNO,CAMARA,,CAM-DAC-000002,DURAZNO_A_LA_CREMA,1,,,7.8,,,
MOV-000139,INGRESO-CAMARA-000017,2026-08-14T19:56:58.201145-03:00,WEEK-000001,INGRESO_CAMARA,EXTERNO,CAMARA,,CAM-DAC-000003,DURAZNO_A_LA_CREMA,1,,,7.8,,,
MOV-000140,INGRESO-CAMARA-000018,2026-08-14T20:02:31.229493-03:00,WEEK-000001,INGRESO_CAMARA,EXTERNO,CAMARA,,CAM-FAA-000001,FRUTILLA_AL_AGUA,1,,,7.8,,,
MOV-000141,INGRESO-CAMARA-000018,2026-08-14T20:02:31.229493-03:00,WEEK-000001,INGRESO_CAMARA,EXTERNO,CAMARA,,CAM-FAA-000002,FRUTILLA_AL_AGUA,1,,,7.8,,,
MOV-000142,INGRESO-CAMARA-000018,2026-08-14T20:02:31.229493-03:00,WEEK-000001,INGRESO_CAMARA,EXTERNO,CAMARA,,CAM-FAA-000003,FRUTILLA_AL_AGUA,1,,,7.8,,,
MOV-000143,INGRESO-CAMARA-000019,2026-08-14T20:03:23.385150-03:00,WEEK-000001,INGRESO_CAMARA,EXTERNO,CAMARA,,CAM-FRO-000001,FRUTOS_ROJOS_AL_AGUA,1,,,7.8,,,
MOV-000144,INGRESO-CAMARA-000019,2026-08-14T20:03:23.385150-03:00,WEEK-000001,INGRESO_CAMARA,EXTERNO,CAMARA,,CAM-FRO-000002,FRUTOS_ROJOS_AL_AGUA,1,,,7.8,,,
MOV-000145,INGRESO-CAMARA-000019,2026-08-14T20:03:23.385150-03:00,WEEK-000001,INGRESO_CAMARA,EXTERNO,CAMARA,,CAM-FRO-000003,FRUTOS_ROJOS_AL_AGUA,1,,,7.8,,,
MOV-000146,INGRESO-CAMARA-000019,2026-08-14T20:03:23.385150-03:00,WEEK-000001,INGRESO_CAMARA,EXTERNO,CAMARA,,CAM-FRO-000004,FRUTOS_ROJOS_AL_AGUA,1,,,7.8,,,
MOV-000147,INGRESO-CAMARA-000020,2026-08-14T20:04:21.875084-03:00,WEEK-000001,INGRESO_CAMARA,EXTERNO,CAMARA,,CAM-LIM-000001,LIMON_AL_AGUA,1,,,7.8,,,
MOV-000148,INGRESO-CAMARA-000020,2026-08-14T20:04:21.875084-03:00,WEEK-000001,INGRESO_CAMARA,EXTERNO,CAMARA,,CAM-LIM-000002,LIMON_AL_AGUA,1,,,7.8,,,
MOV-000149,INGRESO-CAMARA-000020,2026-08-14T20:04:21.875084-03:00,WEEK-000001,INGRESO_CAMARA,EXTERNO,CAMARA,,CAM-LIM-000003,LIMON_AL_AGUA,1,,,7.8,,,
MOV-000150,INGRESO-CAMARA-000020,2026-08-14T20:04:21.875084-03:00,WEEK-000001,INGRESO_CAMARA,EXTERNO,CAMARA,,CAM-LIM-000004,LIMON_AL_AGUA,1,,,7.8,,,
MOV-000151,INGRESO-CAMARA-000020,2026-08-14T20:04:21.875084-03:00,WEEK-000001,INGRESO_CAMARA,EXTERNO,CAMARA,,CAM-LIM-000005,LIMON_AL_AGUA,1,,,7.8,,,
MOV-000152,INGRESO-CAMARA-000020,2026-08-14T20:04:21.875084-03:00,WEEK-000001,INGRESO_CAMARA,EXTERNO,CAMARA,,CAM-LIM-000006,LIMON_AL_AGUA,1,,,7.8,,,
MOV-000153,INGRESO-CAMARA-000021,2026-08-14T20:07:59.834839-03:00,WEEK-000001,INGRESO_CAMARA,EXTERNO,CAMARA,,CAM-MRY-000001,MARACUYA_AL_AGUA,1,,,7.8,,,
MOV-000154,INGRESO-CAMARA-000021,2026-08-14T20:07:59.834839-03:00,WEEK-000001,INGRESO_CAMARA,EXTERNO,CAMARA,,CAM-MRY-000002,MARACUYA_AL_AGUA,1,,,7.8,,,
MOV-000155,INGRESO-CAMARA-000021,2026-08-14T20:07:59.834839-03:00,WEEK-000001,INGRESO_CAMARA,EXTERNO,CAMARA,,CAM-MRY-000003,MARACUYA_AL_AGUA,1,,,7.8,,,
MOV-000156,INGRESO-CAMARA-000021,2026-08-14T20:07:59.834839-03:00,WEEK-000001,INGRESO_CAMARA,EXTERNO,CAMARA,,CAM-MRY-000004,MARACUYA_AL_AGUA,1,,,7.8,,,
MOV-000157,INGRESO-CAMARA-000022,2026-08-14T20:08:20.924574-03:00,WEEK-000001,INGRESO_CAMARA,EXTERNO,CAMARA,,CAM-NAR-000001,NARANJA_AL_AGUA,1,,,7.8,,,
MOV-000158,INGRESO-CAMARA-000023,2026-08-14T20:26:00.122678-03:00,WEEK-000001,INGRESO_CAMARA,EXTERNO,CAMARA,,CAM-MAN-000001,MANGO_AL_AGUA,1,,,7.58,,,
MOV-000159,INGRESO-CAMARA-000023,2026-08-14T20:26:00.122678-03:00,WEEK-000001,INGRESO_CAMARA,EXTERNO,CAMARA,,CAM-MAN-000002,MANGO_AL_AGUA,1,,,7.58,,,
MOV-000160,INGRESO-CAMARA-000023,2026-08-14T20:26:00.122678-03:00,WEEK-000001,INGRESO_CAMARA,EXTERNO,CAMARA,,CAM-MAN-000003,MANGO_AL_AGUA,1,,,7.58,,,
MOV-000161,INGRESO-CAMARA-000024,2026-08-14T20:39:02.681327-03:00,WEEK-000001,INGRESO_CAMARA,EXTERNO,CAMARA,,CAM-CBL-000001,CHOCOLATE_BLANCO,1,,,7.8,,,
MOV-000162,INGRESO-CAMARA-000024,2026-08-14T20:39:02.681327-03:00,WEEK-000001,INGRESO_CAMARA,EXTERNO,CAMARA,,CAM-CBL-000002,CHOCOLATE_BLANCO,1,,,7.8,,,
MOV-000163,INGRESO-CAMARA-000024,2026-08-14T20:39:02.681327-03:00,WEEK-000001,INGRESO_CAMARA,EXTERNO,CAMARA,,CAM-CBL-000003,CHOCOLATE_BLANCO,1,,,7.8,,,
MOV-000164,INGRESO-CAMARA-000024,2026-08-14T20:39:02.681327-03:00,WEEK-000001,INGRESO_CAMARA,EXTERNO,CAMARA,,CAM-CBL-000004,CHOCOLATE_BLANCO,1,,,7.8,,,
MOV-000165,INGRESO-CAMARA-000025,2026-08-14T20:39:30.074017-03:00,WEEK-000001,INGRESO_CAMARA,EXTERNO,CAMARA,,CAM-CMC-000001,CHOCOLATE_MANI_CRUNCH,1,,,7.8,,,
MOV-000166,INGRESO-CAMARA-000026,2026-08-14T20:41:10.925970-03:00,WEEK-000001,INGRESO_CAMARA,EXTERNO,CAMARA,,CAM-CSU-000001,CHOCOLATE_SUIZO,1,,,7.8,,,
MOV-000167,INGRESO-CAMARA-000026,2026-08-14T20:41:10.925970-03:00,WEEK-000001,INGRESO_CAMARA,EXTERNO,CAMARA,,CAM-CSU-000002,CHOCOLATE_SUIZO,1,,,7.8,,,
MOV-000168,INGRESO-CAMARA-000026,2026-08-14T20:41:10.925970-03:00,WEEK-000001,INGRESO_CAMARA,EXTERNO,CAMARA,,CAM-CSU-000003,CHOCOLATE_SUIZO,1,,,7.8,,,
MOV-000169,INGRESO-CAMARA-000026,2026-08-14T20:41:10.925970-03:00,WEEK-000001,INGRESO_CAMARA,EXTERNO,CAMARA,,CAM-CSU-000004,CHOCOLATE_SUIZO,1,,,7.8,,,
MOV-000170,INGRESO-CAMARA-000027,2026-08-14T20:43:54.916143-03:00,WEEK-000001,INGRESO_CAMARA,EXTERNO,CAMARA,,CAM-CHO-000001,CHOCOLATE,1,,,7.8,,,
MOV-000171,INGRESO-CAMARA-000027,2026-08-14T20:43:54.916143-03:00,WEEK-000001,INGRESO_CAMARA,EXTERNO,CAMARA,,CAM-CHO-000002,CHOCOLATE,1,,,7.8,,,
MOV-000172,INGRESO-CAMARA-000027,2026-08-14T20:43:54.916143-03:00,WEEK-000001,INGRESO_CAMARA,EXTERNO,CAMARA,,CAM-CHO-000003,CHOCOLATE,1,,,7.8,,,
MOV-000173,INGRESO-CAMARA-000027,2026-08-14T20:43:54.916143-03:00,WEEK-000001,INGRESO_CAMARA,EXTERNO,CAMARA,,CAM-CHO-000004,CHOCOLATE,1,,,7.8,,,
MOV-000174,INGRESO-CAMARA-000027,2026-08-14T20:43:54.916143-03:00,WEEK-000001,INGRESO_CAMARA,EXTERNO,CAMARA,,CAM-CHO-000005,CHOCOLATE,1,,,7.8,,,
MOV-000175,INGRESO-CAMARA-000028,2026-08-14T20:44:12.864649-03:00,WEEK-000001,INGRESO_CAMARA,EXTERNO,CAMARA,,CAM-ALM-000001,CHOCOLATE_CON_ALMENDRAS,1,,,7.8,,,
MOV-000176,INGRESO-CAMARA-000028,2026-08-14T20:44:12.864649-03:00,WEEK-000001,INGRESO_CAMARA,EXTERNO,CAMARA,,CAM-ALM-000002,CHOCOLATE_CON_ALMENDRAS,1,,,7.8,,,
MOV-000177,INGRESO-CAMARA-000028,2026-08-14T20:44:12.864649-03:00,WEEK-000001,INGRESO_CAMARA,EXTERNO,CAMARA,,CAM-ALM-000003,CHOCOLATE_CON_ALMENDRAS,1,,,7.8,,,
MOV-000178,INGRESO-CAMARA-000028,2026-08-14T20:44:12.864649-03:00,WEEK-000001,INGRESO_CAMARA,EXTERNO,CAMARA,,CAM-ALM-000004,CHOCOLATE_CON_ALMENDRAS,1,,,7.8,,,
MOV-000179,INGRESO-CAMARA-000028,2026-08-14T20:44:12.864649-03:00,WEEK-000001,INGRESO_CAMARA,EXTERNO,CAMARA,,CAM-ALM-000005,CHOCOLATE_CON_ALMENDRAS,1,,,7.8,,,
MOV-000180,INGRESO-CAMARA-000028,2026-08-14T20:44:12.864649-03:00,WEEK-000001,INGRESO_CAMARA,EXTERNO,CAMARA,,CAM-ALM-000006,CHOCOLATE_CON_ALMENDRAS,1,,,7.8,,,
MOV-000181,INGRESO-CAMARA-000028,2026-08-14T20:44:12.864649-03:00,WEEK-000001,INGRESO_CAMARA,EXTERNO,CAMARA,,CAM-ALM-000007,CHOCOLATE_CON_ALMENDRAS,1,,,7.8,,,
MOV-000182,INGRESO-CAMARA-000029,2026-08-14T20:45:03.780047-03:00,WEEK-000001,INGRESO_CAMARA,EXTERNO,CAMARA,,CAM-ALM-000008,CHOCOLATE_CON_ALMENDRAS,1,,,7.8,,,
MOV-000183,INGRESO-CAMARA-000029,2026-08-14T20:45:03.780047-03:00,WEEK-000001,INGRESO_CAMARA,EXTERNO,CAMARA,,CAM-ALM-000009,CHOCOLATE_CON_ALMENDRAS,1,,,7.8,,,
MOV-000184,INGRESO-CAMARA-000029,2026-08-14T20:45:03.780047-03:00,WEEK-000001,INGRESO_CAMARA,EXTERNO,CAMARA,,CAM-ALM-000010,CHOCOLATE_CON_ALMENDRAS,1,,,7.8,,,
MOV-000185,INGRESO-CAMARA-000029,2026-08-14T20:45:03.780047-03:00,WEEK-000001,INGRESO_CAMARA,EXTERNO,CAMARA,,CAM-ALM-000011,CHOCOLATE_CON_ALMENDRAS,1,,,7.8,,,
MOV-000186,INGRESO-CAMARA-000029,2026-08-14T20:45:03.780047-03:00,WEEK-000001,INGRESO_CAMARA,EXTERNO,CAMARA,,CAM-ALM-000012,CHOCOLATE_CON_ALMENDRAS,1,,,7.8,,,
MOV-000187,INGRESO-CAMARA-000029,2026-08-14T20:45:03.780047-03:00,WEEK-000001,INGRESO_CAMARA,EXTERNO,CAMARA,,CAM-ALM-000013,CHOCOLATE_CON_ALMENDRAS,1,,,7.8,,,
MOV-000188,ANULACION-CAMARA-000001,2026-08-14T20:46:03.389349-03:00,WEEK-000001,ANULACION_CAMARA,CAMARA,ANULADA,CAM-ALM-000008,,CHOCOLATE_CON_ALMENDRAS,1,,,7.8,,,Carga Duplicada
MOV-000189,ANULACION-CAMARA-000001,2026-08-14T20:46:03.389349-03:00,WEEK-000001,ANULACION_CAMARA,CAMARA,ANULADA,CAM-ALM-000009,,CHOCOLATE_CON_ALMENDRAS,1,,,7.8,,,Carga Duplicada
MOV-000190,ANULACION-CAMARA-000002,2026-08-14T20:46:09.965029-03:00,WEEK-000001,ANULACION_CAMARA,CAMARA,ANULADA,CAM-ALM-000008,,CHOCOLATE_CON_ALMENDRAS,1,,,7.8,,,Carga Duplicada
MOV-000191,ANULACION-CAMARA-000002,2026-08-14T20:46:09.965029-03:00,WEEK-000001,ANULACION_CAMARA,CAMARA,ANULADA,CAM-ALM-000009,,CHOCOLATE_CON_ALMENDRAS,1,,,7.8,,,Carga Duplicada
MOV-000192,ANULACION-CAMARA-000002,2026-08-14T20:46:09.965029-03:00,WEEK-000001,ANULACION_CAMARA,CAMARA,ANULADA,CAM-ALM-000010,,CHOCOLATE_CON_ALMENDRAS,1,,,7.8,,,Carga Duplicada
MOV-000193,ANULACION-CAMARA-000002,2026-08-14T20:46:09.965029-03:00,WEEK-000001,ANULACION_CAMARA,CAMARA,ANULADA,CAM-ALM-000011,,CHOCOLATE_CON_ALMENDRAS,1,,,7.8,,,Carga Duplicada
MOV-000194,ANULACION-CAMARA-000002,2026-08-14T20:46:09.965029-03:00,WEEK-000001,ANULACION_CAMARA,CAMARA,ANULADA,CAM-ALM-000012,,CHOCOLATE_CON_ALMENDRAS,1,,,7.8,,,Carga Duplicada
MOV-000195,ANULACION-CAMARA-000002,2026-08-14T20:46:09.965029-03:00,WEEK-000001,ANULACION_CAMARA,CAMARA,ANULADA,CAM-ALM-000013,,CHOCOLATE_CON_ALMENDRAS,1,,,7.8,,,Carga Duplicada
MOV-000196,INGRESO-CAMARA-000030,2026-08-14T20:47:32.182811-03:00,WEEK-000001,INGRESO_CAMARA,EXTERNO,CAMARA,,CAM-CBO-000001,CHOCOLATE_BLANCO_OREO,1,,,7.8,,,
MOV-000197,INGRESO-CAMARA-000030,2026-08-14T20:47:32.182811-03:00,WEEK-000001,INGRESO_CAMARA,EXTERNO,CAMARA,,CAM-CBO-000002,CHOCOLATE_BLANCO_OREO,1,,,7.8,,,
MOV-000198,INGRESO-CAMARA-000030,2026-08-14T20:47:32.182811-03:00,WEEK-000001,INGRESO_CAMARA,EXTERNO,CAMARA,,CAM-CBO-000003,CHOCOLATE_BLANCO_OREO,1,,,7.8,,,
MOV-000199,INGRESO-CAMARA-000030,2026-08-14T20:47:32.182811-03:00,WEEK-000001,INGRESO_CAMARA,EXTERNO,CAMARA,,CAM-CBO-000004,CHOCOLATE_BLANCO_OREO,1,,,7.8,,,
MOV-000200,INGRESO-CAMARA-000030,2026-08-14T20:47:32.182811-03:00,WEEK-000001,INGRESO_CAMARA,EXTERNO,CAMARA,,CAM-CBO-000005,CHOCOLATE_BLANCO_OREO,1,,,7.8,,,
MOV-000201,INGRESO-CAMARA-000030,2026-08-14T20:47:32.182811-03:00,WEEK-000001,INGRESO_CAMARA,EXTERNO,CAMARA,,CAM-CBO-000006,CHOCOLATE_BLANCO_OREO,1,,,7.8,,,
MOV-000202,INGRESO-CAMARA-000031,2026-08-14T20:55:06.199070-03:00,WEEK-000001,INGRESO_CAMARA,EXTERNO,CAMARA,,CAM-DUB-000001,CHOCOLATE_DUBAI,1,,,7.8,,,
MOV-000203,INGRESO-CAMARA-000032,2026-08-14T20:59:42.342533-03:00,WEEK-000001,INGRESO_CAMARA,EXTERNO,CAMARA,,CAM-SDL-000001,SUPER_DULCE_DE_LECHE,1,,,7.8,,,
MOV-000204,INGRESO-CAMARA-000032,2026-08-14T20:59:42.342533-03:00,WEEK-000001,INGRESO_CAMARA,EXTERNO,CAMARA,,CAM-SDL-000002,SUPER_DULCE_DE_LECHE,1,,,7.8,,,
MOV-000205,INGRESO-CAMARA-000032,2026-08-14T20:59:42.342533-03:00,WEEK-000001,INGRESO_CAMARA,EXTERNO,CAMARA,,CAM-SDL-000003,SUPER_DULCE_DE_LECHE,1,,,7.8,,,
MOV-000206,INGRESO-CAMARA-000033,2026-08-14T21:00:28.779044-03:00,WEEK-000001,INGRESO_CAMARA,EXTERNO,CAMARA,,CAM-DLG-000001,DULCE_DE_LECHE_GRANIZADO,1,,,7.8,,,
MOV-000207,INGRESO-CAMARA-000033,2026-08-14T21:00:28.779044-03:00,WEEK-000001,INGRESO_CAMARA,EXTERNO,CAMARA,,CAM-DLG-000002,DULCE_DE_LECHE_GRANIZADO,1,,,7.8,,,
MOV-000208,INGRESO-CAMARA-000033,2026-08-14T21:00:28.779044-03:00,WEEK-000001,INGRESO_CAMARA,EXTERNO,CAMARA,,CAM-DLG-000003,DULCE_DE_LECHE_GRANIZADO,1,,,7.8,,,
MOV-000209,INGRESO-CAMARA-000033,2026-08-14T21:00:28.779044-03:00,WEEK-000001,INGRESO_CAMARA,EXTERNO,CAMARA,,CAM-DLG-000004,DULCE_DE_LECHE_GRANIZADO,1,,,7.8,,,
MOV-000210,INGRESO-CAMARA-000033,2026-08-14T21:00:28.779044-03:00,WEEK-000001,INGRESO_CAMARA,EXTERNO,CAMARA,,CAM-DLG-000005,DULCE_DE_LECHE_GRANIZADO,1,,,7.8,,,
MOV-000211,INGRESO-CAMARA-000033,2026-08-14T21:00:28.779044-03:00,WEEK-000001,INGRESO_CAMARA,EXTERNO,CAMARA,,CAM-DLG-000006,DULCE_DE_LECHE_GRANIZADO,1,,,7.8,,,
MOV-000212,INGRESO-CAMARA-000034,2026-08-14T21:01:12.408091-03:00,WEEK-000001,INGRESO_CAMARA,EXTERNO,CAMARA,,CAM-DDL-000001,DULCE_DE_LECHE,1,,,7.8,,,
MOV-000213,INGRESO-CAMARA-000034,2026-08-14T21:01:12.408091-03:00,WEEK-000001,INGRESO_CAMARA,EXTERNO,CAMARA,,CAM-DDL-000002,DULCE_DE_LECHE,1,,,7.8,,,
MOV-000214,INGRESO-CAMARA-000034,2026-08-14T21:01:12.408091-03:00,WEEK-000001,INGRESO_CAMARA,EXTERNO,CAMARA,,CAM-DDL-000003,DULCE_DE_LECHE,1,,,7.8,,,
MOV-000215,INGRESO-CAMARA-000035,2026-08-14T21:01:28.554277-03:00,WEEK-000001,INGRESO_CAMARA,EXTERNO,CAMARA,,CAM-DLN-000001,DULCE_DE_LECHE_CON_NUEZ,1,,,7.8,,,
MOV-000216,INGRESO-CAMARA-000035,2026-08-14T21:01:28.554277-03:00,WEEK-000001,INGRESO_CAMARA,EXTERNO,CAMARA,,CAM-DLN-000002,DULCE_DE_LECHE_CON_NUEZ,1,,,7.8,,,
MOV-000217,INGRESO-CAMARA-000036,2026-08-14T21:01:54.744205-03:00,WEEK-000001,INGRESO_CAMARA,EXTERNO,CAMARA,,CAM-BRW-000001,DULCE_DE_LECHE_BROWNIE,1,,,7.8,,,
MOV-000218,INGRESO-CAMARA-000036,2026-08-14T21:01:54.744205-03:00,WEEK-000001,INGRESO_CAMARA,EXTERNO,CAMARA,,CAM-BRW-000002,DULCE_DE_LECHE_BROWNIE,1,,,7.8,,,
MOV-000219,INGRESO-CAMARA-000036,2026-08-14T21:01:54.744205-03:00,WEEK-000001,INGRESO_CAMARA,EXTERNO,CAMARA,,CAM-BRW-000003,DULCE_DE_LECHE_BROWNIE,1,,,7.8,,,
MOV-000220,INGRESO-CAMARA-000037,2026-08-14T21:02:43.582604-03:00,WEEK-000001,INGRESO_CAMARA,EXTERNO,CAMARA,,CAM-AME-000001,AMERICANA,1,,,7.8,,,
MOV-000221,INGRESO-CAMARA-000037,2026-08-14T21:02:43.582604-03:00,WEEK-000001,INGRESO_CAMARA,EXTERNO,CAMARA,,CAM-AME-000002,AMERICANA,1,,,7.8,,,
MOV-000222,INGRESO-CAMARA-000037,2026-08-14T21:02:43.582604-03:00,WEEK-000001,INGRESO_CAMARA,EXTERNO,CAMARA,,CAM-AME-000003,AMERICANA,1,,,7.8,,,
MOV-000223,INGRESO-CAMARA-000038,2026-08-14T21:03:13.337767-03:00,WEEK-000001,INGRESO_CAMARA,EXTERNO,CAMARA,,CAM-GRA-000001,GRANIZADO,1,,,7.8,,,
MOV-000224,INGRESO-CAMARA-000038,2026-08-14T21:03:13.337767-03:00,WEEK-000001,INGRESO_CAMARA,EXTERNO,CAMARA,,CAM-GRA-000002,GRANIZADO,1,,,7.8,,,
MOV-000225,INGRESO-CAMARA-000038,2026-08-14T21:03:13.337767-03:00,WEEK-000001,INGRESO_CAMARA,EXTERNO,CAMARA,,CAM-GRA-000003,GRANIZADO,1,,,7.8,,,
MOV-000226,INGRESO-CAMARA-000038,2026-08-14T21:03:13.337767-03:00,WEEK-000001,INGRESO_CAMARA,EXTERNO,CAMARA,,CAM-GRA-000004,GRANIZADO,1,,,7.8,,,
MOV-000227,INGRESO-CAMARA-000038,2026-08-14T21:03:13.337767-03:00,WEEK-000001,INGRESO_CAMARA,EXTERNO,CAMARA,,CAM-GRA-000005,GRANIZADO,1,,,7.8,,,
MOV-000228,INGRESO-CAMARA-000038,2026-08-14T21:03:13.337767-03:00,WEEK-000001,INGRESO_CAMARA,EXTERNO,CAMARA,,CAM-GRA-000006,GRANIZADO,1,,,7.8,,,
MOV-000229,INGRESO-CAMARA-000038,2026-08-14T21:03:13.337767-03:00,WEEK-000001,INGRESO_CAMARA,EXTERNO,CAMARA,,CAM-GRA-000007,GRANIZADO,1,,,7.8,,,
MOV-000230,INGRESO-CAMARA-000039,2026-08-14T21:03:22.290923-03:00,WEEK-000001,INGRESO_CAMARA,EXTERNO,CAMARA,,CAM-TRA-000001,TRAMONTANA,1,,,7.8,,,
MOV-000231,INGRESO-CAMARA-000039,2026-08-14T21:03:22.290923-03:00,WEEK-000001,INGRESO_CAMARA,EXTERNO,CAMARA,,CAM-TRA-000002,TRAMONTANA,1,,,7.8,,,
MOV-000232,INGRESO-CAMARA-000039,2026-08-14T21:03:22.290923-03:00,WEEK-000001,INGRESO_CAMARA,EXTERNO,CAMARA,,CAM-TRA-000003,TRAMONTANA,1,,,7.8,,,
MOV-000233,INGRESO-CAMARA-000039,2026-08-14T21:03:22.290923-03:00,WEEK-000001,INGRESO_CAMARA,EXTERNO,CAMARA,,CAM-TRA-000004,TRAMONTANA,1,,,7.8,,,
MOV-000234,INGRESO-CAMARA-000039,2026-08-14T21:03:22.290923-03:00,WEEK-000001,INGRESO_CAMARA,EXTERNO,CAMARA,,CAM-TRA-000005,TRAMONTANA,1,,,7.8,,,
MOV-000235,INGRESO-CAMARA-000039,2026-08-14T21:03:22.290923-03:00,WEEK-000001,INGRESO_CAMARA,EXTERNO,CAMARA,,CAM-TRA-000006,TRAMONTANA,1,,,7.8,,,
MOV-000236,INGRESO-CAMARA-000039,2026-08-14T21:03:22.290923-03:00,WEEK-000001,INGRESO_CAMARA,EXTERNO,CAMARA,,CAM-TRA-000007,TRAMONTANA,1,,,7.8,,,
MOV-000237,INGRESO-CAMARA-000040,2026-08-14T21:03:52.069647-03:00,WEEK-000001,INGRESO_CAMARA,EXTERNO,CAMARA,,CAM-CCK-000001,CREMA_COOKIE,1,,,7.8,,,
MOV-000238,INGRESO-CAMARA-000040,2026-08-14T21:03:52.069647-03:00,WEEK-000001,INGRESO_CAMARA,EXTERNO,CAMARA,,CAM-CCK-000002,CREMA_COOKIE,1,,,7.8,,,
MOV-000239,INGRESO-CAMARA-000041,2026-08-14T21:05:11.985829-03:00,WEEK-000001,INGRESO_CAMARA,EXTERNO,CAMARA,,CAM-SEL-000001,SELECCION_ARGENTINA,1,,,7.58,,,
MOV-000240,INGRESO-CAMARA-000041,2026-08-14T21:05:11.985829-03:00,WEEK-000001,INGRESO_CAMARA,EXTERNO,CAMARA,,CAM-SEL-000002,SELECCION_ARGENTINA,1,,,7.58,,,
MOV-000241,INGRESO-CAMARA-000041,2026-08-14T21:05:11.985829-03:00,WEEK-000001,INGRESO_CAMARA,EXTERNO,CAMARA,,CAM-SEL-000003,SELECCION_ARGENTINA,1,,,7.58,,,
MOV-000242,ANULACION-CAMARA-000003,2026-08-14T21:11:58.689474-03:00,WEEK-000001,ANULACION_CAMARA,CAMARA,ANULADA,CAM-SEL-000001,,SELECCION_ARGENTINA,1,,,7.58,,,Mal peso
MOV-000243,ANULACION-CAMARA-000003,2026-08-14T21:11:58.689474-03:00,WEEK-000001,ANULACION_CAMARA,CAMARA,ANULADA,CAM-SEL-000002,,SELECCION_ARGENTINA,1,,,7.58,,,Mal peso
MOV-000244,ANULACION-CAMARA-000003,2026-08-14T21:11:58.689474-03:00,WEEK-000001,ANULACION_CAMARA,CAMARA,ANULADA,CAM-SEL-000003,,SELECCION_ARGENTINA,1,,,7.58,,,Mal peso
MOV-000245,INGRESO-CAMARA-000042,2026-08-14T21:13:18.730434-03:00,WEEK-000001,INGRESO_CAMARA,EXTERNO,CAMARA,,CAM-SEL-000004,SELECCION_ARGENTINA,1,,,7.8,,,
MOV-000246,INGRESO-CAMARA-000042,2026-08-14T21:13:18.730434-03:00,WEEK-000001,INGRESO_CAMARA,EXTERNO,CAMARA,,CAM-SEL-000005,SELECCION_ARGENTINA,1,,,7.8,,,
MOV-000247,INGRESO-CAMARA-000042,2026-08-14T21:13:18.730434-03:00,WEEK-000001,INGRESO_CAMARA,EXTERNO,CAMARA,,CAM-SEL-000006,SELECCION_ARGENTINA,1,,,7.8,,,
MOV-000248,INGRESO-CAMARA-000043,2026-08-17T19:09:27.388394-03:00,WEEK-000001,INGRESO_CAMARA,EXTERNO,CAMARA,,CAM-AME-000004,AMERICANA,1,,,7.58,,,
MOV-000249,ANULACION-CAMARA-000004,2026-08-17T19:09:52.613924-03:00,WEEK-000001,ANULACION_CAMARA,CAMARA,ANULADA,CAM-AME-000004,,AMERICANA,1,,,7.58,,,
MOV-000250,ANULACION-CAMARA-000005,2026-08-17T20:58:55.720085-03:00,WEEK-000001,ANULACION_CAMARA,CAMARA,ANULADA,CAM-SGI-000001,,SUPER_GRIDITO,1,,,7.8,,,
MOV-000251,ANULACION-CAMARA-000005,2026-08-17T20:58:55.720085-03:00,WEEK-000001,ANULACION_CAMARA,CAMARA,ANULADA,CAM-SGI-000002,,SUPER_GRIDITO,1,,,7.8,,,
MOV-000252,ANULACION-CAMARA-000006,2026-08-17T21:00:01.837770-03:00,WEEK-000001,ANULACION_CAMARA,CAMARA,ANULADA,CAM-VAI-000004,,VAINILLA,1,,,7.8,,,
MOV-000253,ANULACION-CAMARA-000006,2026-08-17T21:00:01.837770-03:00,WEEK-000001,ANULACION_CAMARA,CAMARA,ANULADA,CAM-CRU-000003,,CREMA_RUSA,1,,,7.8,,,
MOV-000254,ANULACION-CAMARA-000007,2026-08-17T21:20:30.627112-03:00,WEEK-000001,ANULACION_CAMARA,CAMARA,ANULADA,CAM-MAR-000007,,GRIDO_MARROC,1,,,7.8,,,
MOV-000255,ANULACION-CAMARA-000007,2026-08-17T21:20:30.627112-03:00,WEEK-000001,ANULACION_CAMARA,CAMARA,ANULADA,CAM-MEN-000003,,MENTA_GRANIZADO,1,,,7.8,,,
MOV-000256,ANULACION-CAMARA-000008,2026-08-17T21:21:05.783465-03:00,WEEK-000001,ANULACION_CAMARA,CAMARA,ANULADA,CAM-BAN-000009,,BANANA,1,,,7.8,,,
MOV-000257,ANULACION-CAMARA-000009,2026-08-17T21:24:43.456014-03:00,WEEK-000001,ANULACION_CAMARA,CAMARA,ANULADA,CAM-FAC-000009,,FRUTILLA_A_LA_CREMA,1,,,7.8,,,
MOV-000258,ANULACION-CAMARA-000009,2026-08-17T21:24:43.456014-03:00,WEEK-000001,ANULACION_CAMARA,CAMARA,ANULADA,CAM-FRO-000004,,FRUTOS_ROJOS_AL_AGUA,1,,,7.8,,,
MOV-000259,ANULACION-CAMARA-000009,2026-08-17T21:24:43.456014-03:00,WEEK-000001,ANULACION_CAMARA,CAMARA,ANULADA,CAM-CBL-000004,,CHOCOLATE_BLANCO,1,,,7.8,,,
MOV-000260,ANULACION-CAMARA-000009,2026-08-17T21:24:43.456014-03:00,WEEK-000001,ANULACION_CAMARA,CAMARA,ANULADA,CAM-CSU-000004,,CHOCOLATE_SUIZO,1,,,7.8,,,
MOV-000261,ANULACION-CAMARA-000009,2026-08-17T21:24:43.456014-03:00,WEEK-000001,ANULACION_CAMARA,CAMARA,ANULADA,CAM-ALM-000007,,CHOCOLATE_CON_ALMENDRAS,1,,,7.8,,,
MOV-000262,ANULACION-CAMARA-000009,2026-08-17T21:24:43.456014-03:00,WEEK-000001,ANULACION_CAMARA,CAMARA,ANULADA,CAM-DLG-000006,,DULCE_DE_LECHE_GRANIZADO,1,,,7.8,,,
MOV-000263,ANULACION-CAMARA-000010,2026-08-17T21:27:18.904369-03:00,WEEK-000001,ANULACION_CAMARA,CAMARA,ANULADA,CAM-DDL-000003,,DULCE_DE_LECHE,1,,,7.8,,,
MOV-000264,ANULACION-CAMARA-000010,2026-08-17T21:27:18.904369-03:00,WEEK-000001,ANULACION_CAMARA,CAMARA,ANULADA,CAM-GRA-000007,,GRANIZADO,1,,,7.8,,,
MOV-000265,INGRESO-CAMARA-000044,2026-08-17T21:36:21.184862-03:00,WEEK-000001,INGRESO_CAMARA,EXTERNO,CAMARA,,CAM-CCK-000003,CREMA_COOKIE,1,,,7.8,,,
MOV-000266,INGRESO-CAMARA-PRODUCTO-000001,2026-08-18T17:02:05.246132-03:00,WEEK-000001,INGRESO_CAMARA_PRODUCTO,EXTERNO,CAMARA,,CAM-FAM-000001,,3,,,,,,product_code=PROD-FAM-000001; categoria=FAMILIARES; producto=FAM_1; packaging_mode=PACK_UNIDADES; total_unidades=18; cantidad_packs=3; unidades_por_pack=6; 
MOV-000267,INGRESO-CAMARA-PRODUCTO-000002,2026-08-18T17:02:25.453928-03:00,WEEK-000001,INGRESO_CAMARA_PRODUCTO,EXTERNO,CAMARA,,CAM-FAM-000002,,1,,,,,,product_code=PROD-FAM-000002; categoria=FAMILIARES; producto=FAM_2; packaging_mode=PACK_UNIDADES; total_unidades=6; cantidad_packs=1; unidades_por_pack=6; 
MOV-000268,ANULACION-CAMARA-PRODUCTO-000001,2026-08-18T18:08:49.147471-03:00,WEEK-000001,ANULACION_CAMARA_PRODUCTO,CAMARA,ANULADA,CAM-FAM-000001,,,3,,,,,,categoria=FAMILIARES; subcategoria=NAN; producto=FAM_1; packaging_mode=PACK_UNIDADES; cantidad_packs=3; total_unidades=18
MOV-000269,ANULACION-CAMARA-PRODUCTO-000002,2026-08-18T18:08:49.270476-03:00,WEEK-000001,ANULACION_CAMARA_PRODUCTO,CAMARA,ANULADA,CAM-FAM-000002,,,1,,,,,,categoria=FAMILIARES; subcategoria=NAN; producto=FAM_2; packaging_mode=PACK_UNIDADES; cantidad_packs=1; total_unidades=6
MOV-000270,INGRESO-CAMARA-PRODUCTO-000003,2026-08-18T18:09:38.103958-03:00,WEEK-000001,INGRESO_CAMARA_PRODUCTO,EXTERNO,CAMARA,,CAM-FAM-000003,,1,,,,,,product_code=PROD-FAM-000001; categoria=FAMILIARES; producto=FAM_1; packaging_mode=PACK_UNIDADES; unidad_fisica=pack; total_unidades=6; cantidad_packs=1; unidades_por_pack=6; 
MOV-000271,INGRESO-CAMARA-PRODUCTO-000003,2026-08-18T18:09:38.103958-03:00,WEEK-000001,INGRESO_CAMARA_PRODUCTO,EXTERNO,CAMARA,,CAM-FAM-000004,,1,,,,,,product_code=PROD-FAM-000001; categoria=FAMILIARES; producto=FAM_1; packaging_mode=PACK_UNIDADES; unidad_fisica=pack; total_unidades=6; cantidad_packs=1; unidades_por_pack=6; 
MOV-000272,INGRESO-CAMARA-PRODUCTO-000003,2026-08-18T18:09:38.103958-03:00,WEEK-000001,INGRESO_CAMARA_PRODUCTO,EXTERNO,CAMARA,,CAM-FAM-000005,,1,,,,,,product_code=PROD-FAM-000001; categoria=FAMILIARES; producto=FAM_1; packaging_mode=PACK_UNIDADES; unidad_fisica=pack; total_unidades=6; cantidad_packs=1; unidades_por_pack=6; 
MOV-000273,INGRESO-CAMARA-PRODUCTO-000004,2026-08-18T18:09:55.720040-03:00,WEEK-000001,INGRESO_CAMARA_PRODUCTO,EXTERNO,CAMARA,,CAM-FAM-000006,,1,,,,,,product_code=PROD-FAM-000002; categoria=FAMILIARES; producto=FAM_2; packaging_mode=PACK_UNIDADES; unidad_fisica=pack; total_unidades=6; cantidad_packs=1; unidades_por_pack=6; 
MOV-000274,INGRESO-CAMARA-PRODUCTO-000005,2026-08-18T18:10:23.521180-03:00,WEEK-000001,INGRESO_CAMARA_PRODUCTO,EXTERNO,CAMARA,,CAM-FAM-000007,,1,,,,,,product_code=PROD-FAM-000003; categoria=FAMILIARES; producto=FAM_3; packaging_mode=PACK_UNIDADES; unidad_fisica=pack; total_unidades=6; cantidad_packs=1; unidades_por_pack=6; 
MOV-000275,INGRESO-CAMARA-PRODUCTO-000005,2026-08-18T18:10:23.521180-03:00,WEEK-000001,INGRESO_CAMARA_PRODUCTO,EXTERNO,CAMARA,,CAM-FAM-000008,,1,,,,,,product_code=PROD-FAM-000003; categoria=FAMILIARES; producto=FAM_3; packaging_mode=PACK_UNIDADES; unidad_fisica=pack; total_unidades=6; cantidad_packs=1; unidades_por_pack=6; 
MOV-000276,INGRESO-CAMARA-PRODUCTO-000005,2026-08-18T18:10:23.521180-03:00,WEEK-000001,INGRESO_CAMARA_PRODUCTO,EXTERNO,CAMARA,,CAM-FAM-000009,,1,,,,,,product_code=PROD-FAM-000003; categoria=FAMILIARES; producto=FAM_3; packaging_mode=PACK_UNIDADES; unidad_fisica=pack; total_unidades=6; cantidad_packs=1; unidades_por_pack=6; 
MOV-000277,INGRESO-CAMARA-PRODUCTO-000006,2026-08-18T18:10:58.689503-03:00,WEEK-000001,INGRESO_CAMARA_PRODUCTO,EXTERNO,CAMARA,,CAM-FAM-000010,,1,,,,,,product_code=PROD-FAM-000004; categoria=FAMILIARES; producto=FAM_4; packaging_mode=PACK_UNIDADES; unidad_fisica=pack; total_unidades=6; cantidad_packs=1; unidades_por_pack=6; 
MOV-000278,INGRESO-CAMARA-PRODUCTO-000006,2026-08-18T18:10:58.689503-03:00,WEEK-000001,INGRESO_CAMARA_PRODUCTO,EXTERNO,CAMARA,,CAM-FAM-000011,,1,,,,,,product_code=PROD-FAM-000004; categoria=FAMILIARES; producto=FAM_4; packaging_mode=PACK_UNIDADES; unidad_fisica=pack; total_unidades=6; cantidad_packs=1; unidades_por_pack=6; 
MOV-000279,INGRESO-CAMARA-PRODUCTO-000007,2026-08-18T18:11:58.652002-03:00,WEEK-000001,INGRESO_CAMARA_PRODUCTO,EXTERNO,CAMARA,,CAM-TEN-000001,,1,,,,,,product_code=PROD-TEN-000009; categoria=TENTACIONES; producto=TENTACION_FRUTILLA; packaging_mode=PACK_UNIDADES; unidad_fisica=pack; total_unidades=6; cantidad_packs=1; unidades_por_pack=6; 
MOV-000280,INGRESO-CAMARA-PRODUCTO-000007,2026-08-18T18:11:58.652002-03:00,WEEK-000001,INGRESO_CAMARA_PRODUCTO,EXTERNO,CAMARA,,CAM-TEN-000002,,1,,,,,,product_code=PROD-TEN-000009; categoria=TENTACIONES; producto=TENTACION_FRUTILLA; packaging_mode=PACK_UNIDADES; unidad_fisica=pack; total_unidades=6; cantidad_packs=1; unidades_por_pack=6; 
MOV-000281,INGRESO-CAMARA-PRODUCTO-000007,2026-08-18T18:11:58.652002-03:00,WEEK-000001,INGRESO_CAMARA_PRODUCTO,EXTERNO,CAMARA,,CAM-TEN-000003,,1,,,,,,product_code=PROD-TEN-000009; categoria=TENTACIONES; producto=TENTACION_FRUTILLA; packaging_mode=PACK_UNIDADES; unidad_fisica=pack; total_unidades=6; cantidad_packs=1; unidades_por_pack=6; 
MOV-000282,INGRESO-CAMARA-PRODUCTO-000008,2026-08-18T18:12:16.857827-03:00,WEEK-000001,INGRESO_CAMARA_PRODUCTO,EXTERNO,CAMARA,,CAM-TEN-000004,,1,,,,,,product_code=PROD-TEN-000004; categoria=TENTACIONES; producto=TENTACION_DULCE_DE_LECHE_GRANIZADO; packaging_mode=PACK_UNIDADES; unidad_fisica=pack; total_unidades=6; cantidad_packs=1; unidades_por_pack=6; 
MOV-000283,INGRESO-CAMARA-PRODUCTO-000008,2026-08-18T18:12:16.857827-03:00,WEEK-000001,INGRESO_CAMARA_PRODUCTO,EXTERNO,CAMARA,,CAM-TEN-000005,,1,,,,,,product_code=PROD-TEN-000004; categoria=TENTACIONES; producto=TENTACION_DULCE_DE_LECHE_GRANIZADO; packaging_mode=PACK_UNIDADES; unidad_fisica=pack; total_unidades=6; cantidad_packs=1; unidades_por_pack=6; 
MOV-000284,INGRESO-CAMARA-PRODUCTO-000008,2026-08-18T18:12:16.857827-03:00,WEEK-000001,INGRESO_CAMARA_PRODUCTO,EXTERNO,CAMARA,,CAM-TEN-000006,,1,,,,,,product_code=PROD-TEN-000004; categoria=TENTACIONES; producto=TENTACION_DULCE_DE_LECHE_GRANIZADO; packaging_mode=PACK_UNIDADES; unidad_fisica=pack; total_unidades=6; cantidad_packs=1; unidades_por_pack=6; 
MOV-000285,INGRESO-CAMARA-PRODUCTO-000008,2026-08-18T18:12:16.857827-03:00,WEEK-000001,INGRESO_CAMARA_PRODUCTO,EXTERNO,CAMARA,,CAM-TEN-000007,,1,,,,,,product_code=PROD-TEN-000004; categoria=TENTACIONES; producto=TENTACION_DULCE_DE_LECHE_GRANIZADO; packaging_mode=PACK_UNIDADES; unidad_fisica=pack; total_unidades=6; cantidad_packs=1; unidades_por_pack=6; 
MOV-000286,INGRESO-CAMARA-PRODUCTO-000008,2026-08-18T18:12:16.857827-03:00,WEEK-000001,INGRESO_CAMARA_PRODUCTO,EXTERNO,CAMARA,,CAM-TEN-000008,,1,,,,,,product_code=PROD-TEN-000004; categoria=TENTACIONES; producto=TENTACION_DULCE_DE_LECHE_GRANIZADO; packaging_mode=PACK_UNIDADES; unidad_fisica=pack; total_unidades=6; cantidad_packs=1; unidades_por_pack=6; 
MOV-000287,INGRESO-CAMARA-PRODUCTO-000009,2026-08-18T18:12:34.746300-03:00,WEEK-000001,INGRESO_CAMARA_PRODUCTO,EXTERNO,CAMARA,,CAM-TEN-000009,,1,,,,,,product_code=PROD-TEN-000005; categoria=TENTACIONES; producto=TENTACION_AMERICANA; packaging_mode=PACK_UNIDADES; unidad_fisica=pack; total_unidades=6; cantidad_packs=1; unidades_por_pack=6; 
MOV-000288,INGRESO-CAMARA-PRODUCTO-000009,2026-08-18T18:12:34.746300-03:00,WEEK-000001,INGRESO_CAMARA_PRODUCTO,EXTERNO,CAMARA,,CAM-TEN-000010,,1,,,,,,product_code=PROD-TEN-000005; categoria=TENTACIONES; producto=TENTACION_AMERICANA; packaging_mode=PACK_UNIDADES; unidad_fisica=pack; total_unidades=6; cantidad_packs=1; unidades_por_pack=6; 
MOV-000289,INGRESO-CAMARA-PRODUCTO-000010,2026-08-18T18:12:55.800750-03:00,WEEK-000001,INGRESO_CAMARA_PRODUCTO,EXTERNO,CAMARA,,CAM-TEN-000011,,1,,,,,,product_code=PROD-TEN-000002; categoria=TENTACIONES; producto=TENTACION_CHOCOLATE_CON_ALMENDRAS; packaging_mode=PACK_UNIDADES; unidad_fisica=pack; total_unidades=6; cantidad_packs=1; unidades_por_pack=6; 
MOV-000290,INGRESO-CAMARA-PRODUCTO-000010,2026-08-18T18:12:55.800750-03:00,WEEK-000001,INGRESO_CAMARA_PRODUCTO,EXTERNO,CAMARA,,CAM-TEN-000012,,1,,,,,,product_code=PROD-TEN-000002; categoria=TENTACIONES; producto=TENTACION_CHOCOLATE_CON_ALMENDRAS; packaging_mode=PACK_UNIDADES; unidad_fisica=pack; total_unidades=6; cantidad_packs=1; unidades_por_pack=6; 
MOV-000291,INGRESO-CAMARA-PRODUCTO-000011,2026-08-18T18:13:21.492468-03:00,WEEK-000001,INGRESO_CAMARA_PRODUCTO,EXTERNO,CAMARA,,CAM-TEN-000013,,1,,,,,,product_code=PROD-TEN-000012; categoria=TENTACIONES; producto=TENTACION_MENTA; packaging_mode=PACK_UNIDADES; unidad_fisica=pack; total_unidades=6; cantidad_packs=1; unidades_por_pack=6; 
MOV-000292,INGRESO-CAMARA-PRODUCTO-000011,2026-08-18T18:13:21.492468-03:00,WEEK-000001,INGRESO_CAMARA_PRODUCTO,EXTERNO,CAMARA,,CAM-TEN-000014,,1,,,,,,product_code=PROD-TEN-000012; categoria=TENTACIONES; producto=TENTACION_MENTA; packaging_mode=PACK_UNIDADES; unidad_fisica=pack; total_unidades=6; cantidad_packs=1; unidades_por_pack=6; 
MOV-000293,INGRESO-CAMARA-PRODUCTO-000011,2026-08-18T18:13:21.492468-03:00,WEEK-000001,INGRESO_CAMARA_PRODUCTO,EXTERNO,CAMARA,,CAM-TEN-000015,,1,,,,,,product_code=PROD-TEN-000012; categoria=TENTACIONES; producto=TENTACION_MENTA; packaging_mode=PACK_UNIDADES; unidad_fisica=pack; total_unidades=6; cantidad_packs=1; unidades_por_pack=6; 
MOV-000294,INGRESO-CAMARA-PRODUCTO-000012,2026-08-18T18:13:41.271751-03:00,WEEK-000001,INGRESO_CAMARA_PRODUCTO,EXTERNO,CAMARA,,CAM-TEN-000016,,1,,,,,,product_code=PROD-TEN-000007; categoria=TENTACIONES; producto=TENTACION_CREMA_COOKIE; packaging_mode=PACK_UNIDADES; unidad_fisica=pack; total_unidades=6; cantidad_packs=1; unidades_por_pack=6; 
MOV-000295,INGRESO-CAMARA-PRODUCTO-000013,2026-08-18T18:13:57.469615-03:00,WEEK-000001,INGRESO_CAMARA_PRODUCTO,EXTERNO,CAMARA,,CAM-TEN-000017,,1,,,,,,product_code=PROD-TEN-000006; categoria=TENTACIONES; producto=TENTACION_GRANIZADO; packaging_mode=PACK_UNIDADES; unidad_fisica=pack; total_unidades=6; cantidad_packs=1; unidades_por_pack=6; 
MOV-000296,INGRESO-CAMARA-PRODUCTO-000014,2026-08-18T18:14:19.737975-03:00,WEEK-000001,INGRESO_CAMARA_PRODUCTO,EXTERNO,CAMARA,,CAM-TEN-000018,,1,,,,,,product_code=PROD-TEN-000008; categoria=TENTACIONES; producto=TENTACION_LIMON; packaging_mode=PACK_UNIDADES; unidad_fisica=pack; total_unidades=6; cantidad_packs=1; unidades_por_pack=6; 
MOV-000297,INGRESO-CAMARA-PRODUCTO-000014,2026-08-18T18:14:19.737975-03:00,WEEK-000001,INGRESO_CAMARA_PRODUCTO,EXTERNO,CAMARA,,CAM-TEN-000019,,1,,,,,,product_code=PROD-TEN-000008; categoria=TENTACIONES; producto=TENTACION_LIMON; packaging_mode=PACK_UNIDADES; unidad_fisica=pack; total_unidades=6; cantidad_packs=1; unidades_por_pack=6; 
MOV-000298,INGRESO-CAMARA-PRODUCTO-000015,2026-08-18T18:14:38.605422-03:00,WEEK-000001,INGRESO_CAMARA_PRODUCTO,EXTERNO,CAMARA,,CAM-TEN-000020,,1,,,,,,product_code=PROD-TEN-000010; categoria=TENTACIONES; producto=TENTACION_TODDY; packaging_mode=PACK_UNIDADES; unidad_fisica=pack; total_unidades=6; cantidad_packs=1; unidades_por_pack=6; 
MOV-000299,INGRESO-CAMARA-PRODUCTO-000015,2026-08-18T18:14:38.605422-03:00,WEEK-000001,INGRESO_CAMARA_PRODUCTO,EXTERNO,CAMARA,,CAM-TEN-000021,,1,,,,,,product_code=PROD-TEN-000010; categoria=TENTACIONES; producto=TENTACION_TODDY; packaging_mode=PACK_UNIDADES; unidad_fisica=pack; total_unidades=6; cantidad_packs=1; unidades_por_pack=6; 
MOV-000300,INGRESO-CAMARA-PRODUCTO-000015,2026-08-18T18:14:38.605422-03:00,WEEK-000001,INGRESO_CAMARA_PRODUCTO,EXTERNO,CAMARA,,CAM-TEN-000022,,1,,,,,,product_code=PROD-TEN-000010; categoria=TENTACIONES; producto=TENTACION_TODDY; packaging_mode=PACK_UNIDADES; unidad_fisica=pack; total_unidades=6; cantidad_packs=1; unidades_por_pack=6; 
MOV-000301,INGRESO-CAMARA-PRODUCTO-000015,2026-08-18T18:14:38.605422-03:00,WEEK-000001,INGRESO_CAMARA_PRODUCTO,EXTERNO,CAMARA,,CAM-TEN-000023,,1,,,,,,product_code=PROD-TEN-000010; categoria=TENTACIONES; producto=TENTACION_TODDY; packaging_mode=PACK_UNIDADES; unidad_fisica=pack; total_unidades=6; cantidad_packs=1; unidades_por_pack=6; 
MOV-000302,INGRESO-CAMARA-PRODUCTO-000015,2026-08-18T18:14:38.605422-03:00,WEEK-000001,INGRESO_CAMARA_PRODUCTO,EXTERNO,CAMARA,,CAM-TEN-000024,,1,,,,,,product_code=PROD-TEN-000010; categoria=TENTACIONES; producto=TENTACION_TODDY; packaging_mode=PACK_UNIDADES; unidad_fisica=pack; total_unidades=6; cantidad_packs=1; unidades_por_pack=6; 
MOV-000303,INGRESO-CAMARA-PRODUCTO-000016,2026-08-18T18:17:29.162221-03:00,WEEK-000001,INGRESO_CAMARA_PRODUCTO,EXTERNO,CAMARA,,CAM-TOR-000001,,1,,,,,,product_code=PROD-TOR-000001; categoria=TORTAS; producto=TORTA_GRIDO; packaging_mode=PACK_UNIDADES; unidad_fisica=pack; total_unidades=6; cantidad_packs=1; unidades_por_pack=6; 
MOV-000304,INGRESO-CAMARA-PRODUCTO-000016,2026-08-18T18:17:29.162221-03:00,WEEK-000001,INGRESO_CAMARA_PRODUCTO,EXTERNO,CAMARA,,CAM-TOR-000002,,1,,,,,,product_code=PROD-TOR-000001; categoria=TORTAS; producto=TORTA_GRIDO; packaging_mode=PACK_UNIDADES; unidad_fisica=pack; total_unidades=6; cantidad_packs=1; unidades_por_pack=6; 
MOV-000305,INGRESO-CAMARA-PRODUCTO-000016,2026-08-18T18:17:29.162221-03:00,WEEK-000001,INGRESO_CAMARA_PRODUCTO,EXTERNO,CAMARA,,CAM-TOR-000003,,1,,,,,,product_code=PROD-TOR-000001; categoria=TORTAS; producto=TORTA_GRIDO; packaging_mode=PACK_UNIDADES; unidad_fisica=pack; total_unidades=6; cantidad_packs=1; unidades_por_pack=6; 
MOV-000306,INGRESO-CAMARA-PRODUCTO-000016,2026-08-18T18:17:29.162221-03:00,WEEK-000001,INGRESO_CAMARA_PRODUCTO,EXTERNO,CAMARA,,CAM-TOR-000004,,1,,,,,,product_code=PROD-TOR-000001; categoria=TORTAS; producto=TORTA_GRIDO; packaging_mode=PACK_UNIDADES; unidad_fisica=pack; total_unidades=6; cantidad_packs=1; unidades_por_pack=6; 
MOV-000307,INGRESO-CAMARA-PRODUCTO-000016,2026-08-18T18:17:29.162221-03:00,WEEK-000001,INGRESO_CAMARA_PRODUCTO,EXTERNO,CAMARA,,CAM-TOR-000005,,1,,,,,,product_code=PROD-TOR-000001; categoria=TORTAS; producto=TORTA_GRIDO; packaging_mode=PACK_UNIDADES; unidad_fisica=pack; total_unidades=6; cantidad_packs=1; unidades_por_pack=6; 
MOV-000308,INGRESO-CAMARA-PRODUCTO-000016,2026-08-18T18:17:29.162221-03:00,WEEK-000001,INGRESO_CAMARA_PRODUCTO,EXTERNO,CAMARA,,CAM-TOR-000006,,1,,,,,,product_code=PROD-TOR-000001; categoria=TORTAS; producto=TORTA_GRIDO; packaging_mode=PACK_UNIDADES; unidad_fisica=pack; total_unidades=6; cantidad_packs=1; unidades_por_pack=6; 
MOV-000309,INGRESO-CAMARA-PRODUCTO-000016,2026-08-18T18:17:29.162221-03:00,WEEK-000001,INGRESO_CAMARA_PRODUCTO,EXTERNO,CAMARA,,CAM-TOR-000007,,1,,,,,,product_code=PROD-TOR-000001; categoria=TORTAS; producto=TORTA_GRIDO; packaging_mode=PACK_UNIDADES; unidad_fisica=pack; total_unidades=6; cantidad_packs=1; unidades_por_pack=6; 
MOV-000310,INGRESO-CAMARA-PRODUCTO-000016,2026-08-18T18:17:29.162221-03:00,WEEK-000001,INGRESO_CAMARA_PRODUCTO,EXTERNO,CAMARA,,CAM-TOR-000008,,1,,,,,,product_code=PROD-TOR-000001; categoria=TORTAS; producto=TORTA_GRIDO; packaging_mode=PACK_UNIDADES; unidad_fisica=pack; total_unidades=6; cantidad_packs=1; unidades_por_pack=6; 
MOV-000311,INGRESO-CAMARA-PRODUCTO-000017,2026-08-18T18:17:43.362346-03:00,WEEK-000001,INGRESO_CAMARA_PRODUCTO,EXTERNO,CAMARA,,CAM-TOR-000009,,1,,,,,,product_code=PROD-TOR-000003; categoria=TORTAS; producto=TORTA_COOKIES_AND_CREAM; packaging_mode=PACK_UNIDADES; unidad_fisica=pack; total_unidades=6; cantidad_packs=1; unidades_por_pack=6; 
MOV-000312,INGRESO-CAMARA-PRODUCTO-000017,2026-08-18T18:17:43.362346-03:00,WEEK-000001,INGRESO_CAMARA_PRODUCTO,EXTERNO,CAMARA,,CAM-TOR-000010,,1,,,,,,product_code=PROD-TOR-000003; categoria=TORTAS; producto=TORTA_COOKIES_AND_CREAM; packaging_mode=PACK_UNIDADES; unidad_fisica=pack; total_unidades=6; cantidad_packs=1; unidades_por_pack=6; 
MOV-000313,INGRESO-CAMARA-PRODUCTO-000017,2026-08-18T18:17:43.362346-03:00,WEEK-000001,INGRESO_CAMARA_PRODUCTO,EXTERNO,CAMARA,,CAM-TOR-000011,,1,,,,,,product_code=PROD-TOR-000003; categoria=TORTAS; producto=TORTA_COOKIES_AND_CREAM; packaging_mode=PACK_UNIDADES; unidad_fisica=pack; total_unidades=6; cantidad_packs=1; unidades_por_pack=6; 
MOV-000314,INGRESO-CAMARA-PRODUCTO-000017,2026-08-18T18:17:43.362346-03:00,WEEK-000001,INGRESO_CAMARA_PRODUCTO,EXTERNO,CAMARA,,CAM-TOR-000012,,1,,,,,,product_code=PROD-TOR-000003; categoria=TORTAS; producto=TORTA_COOKIES_AND_CREAM; packaging_mode=PACK_UNIDADES; unidad_fisica=pack; total_unidades=6; cantidad_packs=1; unidades_por_pack=6; 
MOV-000315,INGRESO-CAMARA-PRODUCTO-000017,2026-08-18T18:17:43.362346-03:00,WEEK-000001,INGRESO_CAMARA_PRODUCTO,EXTERNO,CAMARA,,CAM-TOR-000013,,1,,,,,,product_code=PROD-TOR-000003; categoria=TORTAS; producto=TORTA_COOKIES_AND_CREAM; packaging_mode=PACK_UNIDADES; unidad_fisica=pack; total_unidades=6; cantidad_packs=1; unidades_por_pack=6; 
MOV-000316,INGRESO-CAMARA-PRODUCTO-000017,2026-08-18T18:17:43.362346-03:00,WEEK-000001,INGRESO_CAMARA_PRODUCTO,EXTERNO,CAMARA,,CAM-TOR-000014,,1,,,,,,product_code=PROD-TOR-000003; categoria=TORTAS; producto=TORTA_COOKIES_AND_CREAM; packaging_mode=PACK_UNIDADES; unidad_fisica=pack; total_unidades=6; cantidad_packs=1; unidades_por_pack=6; 
MOV-000317,INGRESO-CAMARA-PRODUCTO-000017,2026-08-18T18:17:43.362346-03:00,WEEK-000001,INGRESO_CAMARA_PRODUCTO,EXTERNO,CAMARA,,CAM-TOR-000015,,1,,,,,,product_code=PROD-TOR-000003; categoria=TORTAS; producto=TORTA_COOKIES_AND_CREAM; packaging_mode=PACK_UNIDADES; unidad_fisica=pack; total_unidades=6; cantidad_packs=1; unidades_por_pack=6; 
MOV-000318,INGRESO-CAMARA-PRODUCTO-000017,2026-08-18T18:17:43.362346-03:00,WEEK-000001,INGRESO_CAMARA_PRODUCTO,EXTERNO,CAMARA,,CAM-TOR-000016,,1,,,,,,product_code=PROD-TOR-000003; categoria=TORTAS; producto=TORTA_COOKIES_AND_CREAM; packaging_mode=PACK_UNIDADES; unidad_fisica=pack; total_unidades=6; cantidad_packs=1; unidades_por_pack=6; 
MOV-000319,INGRESO-CAMARA-PRODUCTO-000017,2026-08-18T18:17:43.362346-03:00,WEEK-000001,INGRESO_CAMARA_PRODUCTO,EXTERNO,CAMARA,,CAM-TOR-000017,,1,,,,,,product_code=PROD-TOR-000003; categoria=TORTAS; producto=TORTA_COOKIES_AND_CREAM; packaging_mode=PACK_UNIDADES; unidad_fisica=pack; total_unidades=6; cantidad_packs=1; unidades_por_pack=6; 
MOV-000320,INGRESO-CAMARA-PRODUCTO-000017,2026-08-18T18:17:43.362346-03:00,WEEK-000001,INGRESO_CAMARA_PRODUCTO,EXTERNO,CAMARA,,CAM-TOR-000018,,1,,,,,,product_code=PROD-TOR-000003; categoria=TORTAS; producto=TORTA_COOKIES_AND_CREAM; packaging_mode=PACK_UNIDADES; unidad_fisica=pack; total_unidades=6; cantidad_packs=1; unidades_por_pack=6; 
MOV-000321,INGRESO-CAMARA-PRODUCTO-000018,2026-08-18T18:17:57.579577-03:00,WEEK-000001,INGRESO_CAMARA_PRODUCTO,EXTERNO,CAMARA,,CAM-TOR-000019,,1,,,,,,product_code=PROD-TOR-000002; categoria=TORTAS; producto=TORTA_FRUTILLA; packaging_mode=PACK_UNIDADES; unidad_fisica=pack; total_unidades=6; cantidad_packs=1; unidades_por_pack=6; 
MOV-000322,INGRESO-CAMARA-PRODUCTO-000018,2026-08-18T18:17:57.579577-03:00,WEEK-000001,INGRESO_CAMARA_PRODUCTO,EXTERNO,CAMARA,,CAM-TOR-000020,,1,,,,,,product_code=PROD-TOR-000002; categoria=TORTAS; producto=TORTA_FRUTILLA; packaging_mode=PACK_UNIDADES; unidad_fisica=pack; total_unidades=6; cantidad_packs=1; unidades_por_pack=6; 
MOV-000323,INGRESO-CAMARA-PRODUCTO-000018,2026-08-18T18:17:57.579577-03:00,WEEK-000001,INGRESO_CAMARA_PRODUCTO,EXTERNO,CAMARA,,CAM-TOR-000021,,1,,,,,,product_code=PROD-TOR-000002; categoria=TORTAS; producto=TORTA_FRUTILLA; packaging_mode=PACK_UNIDADES; unidad_fisica=pack; total_unidades=6; cantidad_packs=1; unidades_por_pack=6; 
MOV-000324,INGRESO-CAMARA-PRODUCTO-000018,2026-08-18T18:17:57.579577-03:00,WEEK-000001,INGRESO_CAMARA_PRODUCTO,EXTERNO,CAMARA,,CAM-TOR-000022,,1,,,,,,product_code=PROD-TOR-000002; categoria=TORTAS; producto=TORTA_FRUTILLA; packaging_mode=PACK_UNIDADES; unidad_fisica=pack; total_unidades=6; cantidad_packs=1; unidades_por_pack=6; 
MOV-000325,INGRESO-CAMARA-PRODUCTO-000018,2026-08-18T18:17:57.579577-03:00,WEEK-000001,INGRESO_CAMARA_PRODUCTO,EXTERNO,CAMARA,,CAM-TOR-000023,,1,,,,,,product_code=PROD-TOR-000002; categoria=TORTAS; producto=TORTA_FRUTILLA; packaging_mode=PACK_UNIDADES; unidad_fisica=pack; total_unidades=6; cantidad_packs=1; unidades_por_pack=6; 
MOV-000326,INGRESO-CAMARA-PRODUCTO-000018,2026-08-18T18:17:57.579577-03:00,WEEK-000001,INGRESO_CAMARA_PRODUCTO,EXTERNO,CAMARA,,CAM-TOR-000024,,1,,,,,,product_code=PROD-TOR-000002; categoria=TORTAS; producto=TORTA_FRUTILLA; packaging_mode=PACK_UNIDADES; unidad_fisica=pack; total_unidades=6; cantidad_packs=1; unidades_por_pack=6; 
MOV-000327,INGRESO-CAMARA-PRODUCTO-000018,2026-08-18T18:17:57.579577-03:00,WEEK-000001,INGRESO_CAMARA_PRODUCTO,EXTERNO,CAMARA,,CAM-TOR-000025,,1,,,,,,product_code=PROD-TOR-000002; categoria=TORTAS; producto=TORTA_FRUTILLA; packaging_mode=PACK_UNIDADES; unidad_fisica=pack; total_unidades=6; cantidad_packs=1; unidades_por_pack=6; 
MOV-000328,INGRESO-CAMARA-PRODUCTO-000019,2026-08-18T18:20:56.043788-03:00,WEEK-000001,INGRESO_CAMARA_PRODUCTO,EXTERNO,CAMARA,,CAM-BOM-000001,,1,,,,,,product_code=PROD-BOM-000003; categoria=BOMBONES; producto=BOMBON_CROCANTE; packaging_mode=PACK_CAJAS_UNIDADES; unidad_fisica=pack; total_unidades=48; cantidad_packs=1; cajas_por_pack=6; unidades_por_caja=8; total_cajas=6; 
MOV-000329,INGRESO-CAMARA-PRODUCTO-000019,2026-08-18T18:20:56.043788-03:00,WEEK-000001,INGRESO_CAMARA_PRODUCTO,EXTERNO,CAMARA,,CAM-BOM-000002,,1,,,,,,product_code=PROD-BOM-000003; categoria=BOMBONES; producto=BOMBON_CROCANTE; packaging_mode=PACK_CAJAS_UNIDADES; unidad_fisica=pack; total_unidades=48; cantidad_packs=1; cajas_por_pack=6; unidades_por_caja=8; total_cajas=6; 
MOV-000330,INGRESO-CAMARA-PRODUCTO-000019,2026-08-18T18:20:56.043788-03:00,WEEK-000001,INGRESO_CAMARA_PRODUCTO,EXTERNO,CAMARA,,CAM-BOM-000003,,1,,,,,,product_code=PROD-BOM-000003; categoria=BOMBONES; producto=BOMBON_CROCANTE; packaging_mode=PACK_CAJAS_UNIDADES; unidad_fisica=pack; total_unidades=48; cantidad_packs=1; cajas_por_pack=6; unidades_por_caja=8; total_cajas=6; 
MOV-000331,INGRESO-CAMARA-PRODUCTO-000019,2026-08-18T18:20:56.043788-03:00,WEEK-000001,INGRESO_CAMARA_PRODUCTO,EXTERNO,CAMARA,,CAM-BOM-000004,,1,,,,,,product_code=PROD-BOM-000003; categoria=BOMBONES; producto=BOMBON_CROCANTE; packaging_mode=PACK_CAJAS_UNIDADES; unidad_fisica=pack; total_unidades=48; cantidad_packs=1; cajas_por_pack=6; unidades_por_caja=8; total_cajas=6; 
MOV-000332,INGRESO-CAMARA-PRODUCTO-000019,2026-08-18T18:20:56.043788-03:00,WEEK-000001,INGRESO_CAMARA_PRODUCTO,EXTERNO,CAMARA,,CAM-BOM-000005,,1,,,,,,product_code=PROD-BOM-000003; categoria=BOMBONES; producto=BOMBON_CROCANTE; packaging_mode=PACK_CAJAS_UNIDADES; unidad_fisica=pack; total_unidades=48; cantidad_packs=1; cajas_por_pack=6; unidades_por_caja=8; total_cajas=6; 
MOV-000333,INGRESO-CAMARA-PRODUCTO-000020,2026-08-18T18:21:12.969890-03:00,WEEK-000001,INGRESO_CAMARA_PRODUCTO,EXTERNO,CAMARA,,CAM-BOM-000006,,1,,,,,,product_code=PROD-BOM-000002; categoria=BOMBONES; producto=BOMBON_SUIZO; packaging_mode=PACK_CAJAS_UNIDADES; unidad_fisica=pack; total_unidades=48; cantidad_packs=1; cajas_por_pack=6; unidades_por_caja=8; total_cajas=6; 
MOV-000334,INGRESO-CAMARA-PRODUCTO-000020,2026-08-18T18:21:12.969890-03:00,WEEK-000001,INGRESO_CAMARA_PRODUCTO,EXTERNO,CAMARA,,CAM-BOM-000007,,1,,,,,,product_code=PROD-BOM-000002; categoria=BOMBONES; producto=BOMBON_SUIZO; packaging_mode=PACK_CAJAS_UNIDADES; unidad_fisica=pack; total_unidades=48; cantidad_packs=1; cajas_por_pack=6; unidades_por_caja=8; total_cajas=6; 
MOV-000335,INGRESO-CAMARA-PRODUCTO-000020,2026-08-18T18:21:12.969890-03:00,WEEK-000001,INGRESO_CAMARA_PRODUCTO,EXTERNO,CAMARA,,CAM-BOM-000008,,1,,,,,,product_code=PROD-BOM-000002; categoria=BOMBONES; producto=BOMBON_SUIZO; packaging_mode=PACK_CAJAS_UNIDADES; unidad_fisica=pack; total_unidades=48; cantidad_packs=1; cajas_por_pack=6; unidades_por_caja=8; total_cajas=6; 
MOV-000336,INGRESO-CAMARA-PRODUCTO-000021,2026-08-18T18:24:04.582410-03:00,WEEK-000001,INGRESO_CAMARA_PRODUCTO,EXTERNO,CAMARA,,CAM-BOM-000009,,1,,,,,,product_code=PROD-BOM-000001; categoria=BOMBONES; producto=BOMBON_ESCOCES; packaging_mode=PACK_CAJAS_UNIDADES; unidad_fisica=pack; total_unidades=48; cantidad_packs=1; cajas_por_pack=6; unidades_por_caja=8; total_cajas=6; 
MOV-000337,INGRESO-CAMARA-PRODUCTO-000021,2026-08-18T18:24:04.582410-03:00,WEEK-000001,INGRESO_CAMARA_PRODUCTO,EXTERNO,CAMARA,,CAM-BOM-000010,,1,,,,,,product_code=PROD-BOM-000001; categoria=BOMBONES; producto=BOMBON_ESCOCES; packaging_mode=PACK_CAJAS_UNIDADES; unidad_fisica=pack; total_unidades=48; cantidad_packs=1; cajas_por_pack=6; unidades_por_caja=8; total_cajas=6; 
MOV-000338,INGRESO-CAMARA-PRODUCTO-000021,2026-08-18T18:24:04.582410-03:00,WEEK-000001,INGRESO_CAMARA_PRODUCTO,EXTERNO,CAMARA,,CAM-BOM-000011,,1,,,,,,product_code=PROD-BOM-000001; categoria=BOMBONES; producto=BOMBON_ESCOCES; packaging_mode=PACK_CAJAS_UNIDADES; unidad_fisica=pack; total_unidades=48; cantidad_packs=1; cajas_por_pack=6; unidades_por_caja=8; total_cajas=6; 
MOV-000339,INGRESO-CAMARA-PRODUCTO-000021,2026-08-18T18:24:04.582410-03:00,WEEK-000001,INGRESO_CAMARA_PRODUCTO,EXTERNO,CAMARA,,CAM-BOM-000012,,1,,,,,,product_code=PROD-BOM-000001; categoria=BOMBONES; producto=BOMBON_ESCOCES; packaging_mode=PACK_CAJAS_UNIDADES; unidad_fisica=pack; total_unidades=48; cantidad_packs=1; cajas_por_pack=6; unidades_por_caja=8; total_cajas=6; 
MOV-000340,INGRESO-CAMARA-PRODUCTO-000021,2026-08-18T18:24:04.582410-03:00,WEEK-000001,INGRESO_CAMARA_PRODUCTO,EXTERNO,CAMARA,,CAM-BOM-000013,,1,,,,,,product_code=PROD-BOM-000001; categoria=BOMBONES; producto=BOMBON_ESCOCES; packaging_mode=PACK_CAJAS_UNIDADES; unidad_fisica=pack; total_unidades=48; cantidad_packs=1; cajas_por_pack=6; unidades_por_caja=8; total_cajas=6; 
MOV-000341,INGRESO-CAMARA-PRODUCTO-000021,2026-08-18T18:24:04.582410-03:00,WEEK-000001,INGRESO_CAMARA_PRODUCTO,EXTERNO,CAMARA,,CAM-BOM-000014,,1,,,,,,product_code=PROD-BOM-000001; categoria=BOMBONES; producto=BOMBON_ESCOCES; packaging_mode=PACK_CAJAS_UNIDADES; unidad_fisica=pack; total_unidades=48; cantidad_packs=1; cajas_por_pack=6; unidades_por_caja=8; total_cajas=6; 
MOV-000342,INGRESO-CAMARA-PRODUCTO-000021,2026-08-18T18:24:04.582410-03:00,WEEK-000001,INGRESO_CAMARA_PRODUCTO,EXTERNO,CAMARA,,CAM-BOM-000015,,1,,,,,,product_code=PROD-BOM-000001; categoria=BOMBONES; producto=BOMBON_ESCOCES; packaging_mode=PACK_CAJAS_UNIDADES; unidad_fisica=pack; total_unidades=48; cantidad_packs=1; cajas_por_pack=6; unidades_por_caja=8; total_cajas=6; 
MOV-000343,INGRESO-CAMARA-PRODUCTO-000021,2026-08-18T18:24:04.582410-03:00,WEEK-000001,INGRESO_CAMARA_PRODUCTO,EXTERNO,CAMARA,,CAM-BOM-000016,,1,,,,,,product_code=PROD-BOM-000001; categoria=BOMBONES; producto=BOMBON_ESCOCES; packaging_mode=PACK_CAJAS_UNIDADES; unidad_fisica=pack; total_unidades=48; cantidad_packs=1; cajas_por_pack=6; unidades_por_caja=8; total_cajas=6; 
MOV-000344,INGRESO-CAMARA-PRODUCTO-000021,2026-08-18T18:24:04.582410-03:00,WEEK-000001,INGRESO_CAMARA_PRODUCTO,EXTERNO,CAMARA,,CAM-BOM-000017,,1,,,,,,product_code=PROD-BOM-000001; categoria=BOMBONES; producto=BOMBON_ESCOCES; packaging_mode=PACK_CAJAS_UNIDADES; unidad_fisica=pack; total_unidades=48; cantidad_packs=1; cajas_por_pack=6; unidades_por_caja=8; total_cajas=6; 
MOV-000345,INGRESO-CAMARA-PRODUCTO-000021,2026-08-18T18:24:04.582410-03:00,WEEK-000001,INGRESO_CAMARA_PRODUCTO,EXTERNO,CAMARA,,CAM-BOM-000018,,1,,,,,,product_code=PROD-BOM-000001; categoria=BOMBONES; producto=BOMBON_ESCOCES; packaging_mode=PACK_CAJAS_UNIDADES; unidad_fisica=pack; total_unidades=48; cantidad_packs=1; cajas_por_pack=6; unidades_por_caja=8; total_cajas=6; 
MOV-000346,INGRESO-CAMARA-PRODUCTO-000022,2026-08-18T18:24:24.769496-03:00,WEEK-000001,INGRESO_CAMARA_PRODUCTO,EXTERNO,CAMARA,,CAM-BOM-000019,,1,,,,,,product_code=PROD-BOM-000005; categoria=BOMBONES; producto=ALFAJOR_SECRETO; packaging_mode=PACK_CAJAS_UNIDADES; unidad_fisica=pack; total_unidades=36; cantidad_packs=1; cajas_por_pack=6; unidades_por_caja=6; total_cajas=6; 
MOV-000347,INGRESO-CAMARA-PRODUCTO-000022,2026-08-18T18:24:24.769496-03:00,WEEK-000001,INGRESO_CAMARA_PRODUCTO,EXTERNO,CAMARA,,CAM-BOM-000020,,1,,,,,,product_code=PROD-BOM-000005; categoria=BOMBONES; producto=ALFAJOR_SECRETO; packaging_mode=PACK_CAJAS_UNIDADES; unidad_fisica=pack; total_unidades=36; cantidad_packs=1; cajas_por_pack=6; unidades_por_caja=6; total_cajas=6; 
MOV-000348,INGRESO-CAMARA-PRODUCTO-000022,2026-08-18T18:24:24.769496-03:00,WEEK-000001,INGRESO_CAMARA_PRODUCTO,EXTERNO,CAMARA,,CAM-BOM-000021,,1,,,,,,product_code=PROD-BOM-000005; categoria=BOMBONES; producto=ALFAJOR_SECRETO; packaging_mode=PACK_CAJAS_UNIDADES; unidad_fisica=pack; total_unidades=36; cantidad_packs=1; cajas_por_pack=6; unidades_por_caja=6; total_cajas=6; 
MOV-000349,INGRESO-CAMARA-PRODUCTO-000023,2026-08-18T18:24:39.040043-03:00,WEEK-000001,INGRESO_CAMARA_PRODUCTO,EXTERNO,CAMARA,,CAM-BOM-000022,,1,,,,,,product_code=PROD-BOM-000004; categoria=BOMBONES; producto=BOMBON_FRUTEZZA; packaging_mode=PACK_CAJAS_UNIDADES; unidad_fisica=pack; total_unidades=48; cantidad_packs=1; cajas_por_pack=6; unidades_por_caja=8; total_cajas=6; 
MOV-000350,INGRESO-CAMARA-PRODUCTO-000023,2026-08-18T18:24:39.040043-03:00,WEEK-000001,INGRESO_CAMARA_PRODUCTO,EXTERNO,CAMARA,,CAM-BOM-000023,,1,,,,,,product_code=PROD-BOM-000004; categoria=BOMBONES; producto=BOMBON_FRUTEZZA; packaging_mode=PACK_CAJAS_UNIDADES; unidad_fisica=pack; total_unidades=48; cantidad_packs=1; cajas_por_pack=6; unidades_por_caja=8; total_cajas=6; 
MOV-000351,INGRESO-CAMARA-PRODUCTO-000023,2026-08-18T18:24:39.040043-03:00,WEEK-000001,INGRESO_CAMARA_PRODUCTO,EXTERNO,CAMARA,,CAM-BOM-000024,,1,,,,,,product_code=PROD-BOM-000004; categoria=BOMBONES; producto=BOMBON_FRUTEZZA; packaging_mode=PACK_CAJAS_UNIDADES; unidad_fisica=pack; total_unidades=48; cantidad_packs=1; cajas_por_pack=6; unidades_por_caja=8; total_cajas=6; 
MOV-000352,INGRESO-CAMARA-PRODUCTO-000024,2026-08-18T18:28:38.614892-03:00,WEEK-000001,INGRESO_CAMARA_PRODUCTO,EXTERNO,CAMARA,,CAM-POS-000001,,1,,,,,,product_code=PROD-POS-000004; categoria=POSTRES; producto=DELICIA; packaging_mode=PACK_CAJAS_UNIDADES; unidad_fisica=pack; total_unidades=4; cantidad_packs=1; cajas_por_pack=4; unidades_por_caja=1; total_cajas=4; 
MOV-000353,INGRESO-CAMARA-PRODUCTO-000025,2026-08-18T18:28:52.898578-03:00,WEEK-000001,INGRESO_CAMARA_PRODUCTO,EXTERNO,CAMARA,,CAM-POS-000002,,1,,,,,,product_code=PROD-POS-000002; categoria=POSTRES; producto=ALMENDRADO; packaging_mode=PACK_CAJAS_UNIDADES; unidad_fisica=pack; total_unidades=48; cantidad_packs=1; cajas_por_pack=6; unidades_por_caja=8; total_cajas=6; 
MOV-000354,INGRESO-CAMARA-PRODUCTO-000026,2026-08-18T18:29:06.455810-03:00,WEEK-000001,INGRESO_CAMARA_PRODUCTO,EXTERNO,CAMARA,,CAM-POS-000003,,1,,,,,,product_code=PROD-POS-000001; categoria=POSTRES; producto=CASATTA; packaging_mode=PACK_CAJAS_UNIDADES; unidad_fisica=pack; total_unidades=48; cantidad_packs=1; cajas_por_pack=6; unidades_por_caja=8; total_cajas=6; 
MOV-000355,INGRESO-CAMARA-PRODUCTO-000026,2026-08-18T18:29:06.455810-03:00,WEEK-000001,INGRESO_CAMARA_PRODUCTO,EXTERNO,CAMARA,,CAM-POS-000004,,1,,,,,,product_code=PROD-POS-000001; categoria=POSTRES; producto=CASATTA; packaging_mode=PACK_CAJAS_UNIDADES; unidad_fisica=pack; total_unidades=48; cantidad_packs=1; cajas_por_pack=6; unidades_por_caja=8; total_cajas=6; 
MOV-000356,INGRESO-CAMARA-PRODUCTO-000027,2026-08-18T18:33:33.722841-03:00,WEEK-000001,INGRESO_CAMARA_PRODUCTO,EXTERNO,CAMARA,,CAM-PAL-000001,,1,,,,,,product_code=PROD-PAL-000008; categoria=PALITOS; producto=PALITO_FRUTILLA_CREMA_X_20; packaging_mode=PACK_CAJAS_UNIDADES; unidad_fisica=pack; total_unidades=80; cantidad_packs=1; cajas_por_pack=4; unidades_por_caja=20; total_cajas=4; 
MOV-000357,INGRESO-CAMARA-PRODUCTO-000027,2026-08-18T18:33:33.722841-03:00,WEEK-000001,INGRESO_CAMARA_PRODUCTO,EXTERNO,CAMARA,,CAM-PAL-000002,,1,,,,,,product_code=PROD-PAL-000008; categoria=PALITOS; producto=PALITO_FRUTILLA_CREMA_X_20; packaging_mode=PACK_CAJAS_UNIDADES; unidad_fisica=pack; total_unidades=80; cantidad_packs=1; cajas_por_pack=4; unidades_por_caja=20; total_cajas=4; 
MOV-000358,INGRESO-CAMARA-PRODUCTO-000028,2026-08-18T18:33:49.487600-03:00,WEEK-000001,INGRESO_CAMARA_PRODUCTO,EXTERNO,CAMARA,,CAM-PAL-000003,,1,,,,,,product_code=PROD-PAL-000001; categoria=PALITOS; producto=PALITO_FRUTILLA_AGUA_X_20; packaging_mode=PACK_CAJAS_UNIDADES; unidad_fisica=pack; total_unidades=80; cantidad_packs=1; cajas_por_pack=4; unidades_por_caja=20; total_cajas=4; 
MOV-000359,INGRESO-CAMARA-PRODUCTO-000028,2026-08-18T18:33:49.487600-03:00,WEEK-000001,INGRESO_CAMARA_PRODUCTO,EXTERNO,CAMARA,,CAM-PAL-000004,,1,,,,,,product_code=PROD-PAL-000001; categoria=PALITOS; producto=PALITO_FRUTILLA_AGUA_X_20; packaging_mode=PACK_CAJAS_UNIDADES; unidad_fisica=pack; total_unidades=80; cantidad_packs=1; cajas_por_pack=4; unidades_por_caja=20; total_cajas=4; 
MOV-000360,INGRESO-CAMARA-PRODUCTO-000029,2026-08-18T18:34:12.239490-03:00,WEEK-000001,INGRESO_CAMARA_PRODUCTO,EXTERNO,CAMARA,,CAM-PAL-000005,,1,,,,,,product_code=PROD-PAL-000002; categoria=PALITOS; producto=PALITO_LIMON_AGUA_X_20; packaging_mode=PACK_CAJAS_UNIDADES; unidad_fisica=pack; total_unidades=80; cantidad_packs=1; cajas_por_pack=4; unidades_por_caja=20; total_cajas=4; 
MOV-000361,INGRESO-CAMARA-PRODUCTO-000029,2026-08-18T18:34:12.239490-03:00,WEEK-000001,INGRESO_CAMARA_PRODUCTO,EXTERNO,CAMARA,,CAM-PAL-000006,,1,,,,,,product_code=PROD-PAL-000002; categoria=PALITOS; producto=PALITO_LIMON_AGUA_X_20; packaging_mode=PACK_CAJAS_UNIDADES; unidad_fisica=pack; total_unidades=80; cantidad_packs=1; cajas_por_pack=4; unidades_por_caja=20; total_cajas=4; 
MOV-000362,INGRESO-CAMARA-PRODUCTO-000029,2026-08-18T18:34:12.239490-03:00,WEEK-000001,INGRESO_CAMARA_PRODUCTO,EXTERNO,CAMARA,,CAM-PAL-000007,,1,,,,,,product_code=PROD-PAL-000002; categoria=PALITOS; producto=PALITO_LIMON_AGUA_X_20; packaging_mode=PACK_CAJAS_UNIDADES; unidad_fisica=pack; total_unidades=80; cantidad_packs=1; cajas_por_pack=4; unidades_por_caja=20; total_cajas=4; 
MOV-000363,INGRESO-CAMARA-PRODUCTO-000029,2026-08-18T18:34:12.239490-03:00,WEEK-000001,INGRESO_CAMARA_PRODUCTO,EXTERNO,CAMARA,,CAM-PAL-000008,,1,,,,,,product_code=PROD-PAL-000002; categoria=PALITOS; producto=PALITO_LIMON_AGUA_X_20; packaging_mode=PACK_CAJAS_UNIDADES; unidad_fisica=pack; total_unidades=80; cantidad_packs=1; cajas_por_pack=4; unidades_por_caja=20; total_cajas=4; 
MOV-000364,INGRESO-CAMARA-PRODUCTO-000030,2026-08-18T18:34:35.258313-03:00,WEEK-000001,INGRESO_CAMARA_PRODUCTO,EXTERNO,CAMARA,,CAM-PAL-000009,,1,,,,,,product_code=PROD-PAL-000003; categoria=PALITOS; producto=PALITO_NARANJA_AGUA_X_20; packaging_mode=PACK_CAJAS_UNIDADES; unidad_fisica=pack; total_unidades=80; cantidad_packs=1; cajas_por_pack=4; unidades_por_caja=20; total_cajas=4; 
MOV-000365,INGRESO-CAMARA-PRODUCTO-000030,2026-08-18T18:34:35.258313-03:00,WEEK-000001,INGRESO_CAMARA_PRODUCTO,EXTERNO,CAMARA,,CAM-PAL-000010,,1,,,,,,product_code=PROD-PAL-000003; categoria=PALITOS; producto=PALITO_NARANJA_AGUA_X_20; packaging_mode=PACK_CAJAS_UNIDADES; unidad_fisica=pack; total_unidades=80; cantidad_packs=1; cajas_por_pack=4; unidades_por_caja=20; total_cajas=4; 
MOV-000366,INGRESO-CAMARA-PRODUCTO-000030,2026-08-18T18:34:35.258313-03:00,WEEK-000001,INGRESO_CAMARA_PRODUCTO,EXTERNO,CAMARA,,CAM-PAL-000011,,1,,,,,,product_code=PROD-PAL-000003; categoria=PALITOS; producto=PALITO_NARANJA_AGUA_X_20; packaging_mode=PACK_CAJAS_UNIDADES; unidad_fisica=pack; total_unidades=80; cantidad_packs=1; cajas_por_pack=4; unidades_por_caja=20; total_cajas=4; 
MOV-000367,INGRESO-CAMARA-PRODUCTO-000031,2026-08-18T18:36:25.821157-03:00,WEEK-000001,INGRESO_CAMARA_PRODUCTO,EXTERNO,CAMARA,,CAM-PAL-000012,,1,,,,,,product_code=PROD-PAL-000007; categoria=PALITOS; producto=PALITO_BOMBON_X_10; packaging_mode=PACK_CAJAS_UNIDADES; unidad_fisica=pack; total_unidades=100; cantidad_packs=1; cajas_por_pack=10; unidades_por_caja=10; total_cajas=10; 
MOV-000368,INGRESO-CAMARA-PRODUCTO-000031,2026-08-18T18:36:25.821157-03:00,WEEK-000001,INGRESO_CAMARA_PRODUCTO,EXTERNO,CAMARA,,CAM-PAL-000013,,1,,,,,,product_code=PROD-PAL-000007; categoria=PALITOS; producto=PALITO_BOMBON_X_10; packaging_mode=PACK_CAJAS_UNIDADES; unidad_fisica=pack; total_unidades=100; cantidad_packs=1; cajas_por_pack=10; unidades_por_caja=10; total_cajas=10; 
MOV-000369,INGRESO-CAMARA-PRODUCTO-000031,2026-08-18T18:36:25.821157-03:00,WEEK-000001,INGRESO_CAMARA_PRODUCTO,EXTERNO,CAMARA,,CAM-PAL-000014,,1,,,,,,product_code=PROD-PAL-000007; categoria=PALITOS; producto=PALITO_BOMBON_X_10; packaging_mode=PACK_CAJAS_UNIDADES; unidad_fisica=pack; total_unidades=100; cantidad_packs=1; cajas_por_pack=10; unidades_por_caja=10; total_cajas=10; 
MOV-000370,INGRESO-CAMARA-PRODUCTO-000031,2026-08-18T18:36:25.821157-03:00,WEEK-000001,INGRESO_CAMARA_PRODUCTO,EXTERNO,CAMARA,,CAM-PAL-000015,,1,,,,,,product_code=PROD-PAL-000007; categoria=PALITOS; producto=PALITO_BOMBON_X_10; packaging_mode=PACK_CAJAS_UNIDADES; unidad_fisica=pack; total_unidades=100; cantidad_packs=1; cajas_por_pack=10; unidades_por_caja=10; total_cajas=10; 
MOV-000371,INGRESO-CAMARA-PRODUCTO-000031,2026-08-18T18:36:25.821157-03:00,WEEK-000001,INGRESO_CAMARA_PRODUCTO,EXTERNO,CAMARA,,CAM-PAL-000016,,1,,,,,,product_code=PROD-PAL-000007; categoria=PALITOS; producto=PALITO_BOMBON_X_10; packaging_mode=PACK_CAJAS_UNIDADES; unidad_fisica=pack; total_unidades=100; cantidad_packs=1; cajas_por_pack=10; unidades_por_caja=10; total_cajas=10; 
MOV-000372,INGRESO-CAMARA-PRODUCTO-000031,2026-08-18T18:36:25.821157-03:00,WEEK-000001,INGRESO_CAMARA_PRODUCTO,EXTERNO,CAMARA,,CAM-PAL-000017,,1,,,,,,product_code=PROD-PAL-000007; categoria=PALITOS; producto=PALITO_BOMBON_X_10; packaging_mode=PACK_CAJAS_UNIDADES; unidad_fisica=pack; total_unidades=100; cantidad_packs=1; cajas_por_pack=10; unidades_por_caja=10; total_cajas=10; 
MOV-000373,INGRESO-CAMARA-PRODUCTO-000031,2026-08-18T18:36:25.821157-03:00,WEEK-000001,INGRESO_CAMARA_PRODUCTO,EXTERNO,CAMARA,,CAM-PAL-000018,,1,,,,,,product_code=PROD-PAL-000007; categoria=PALITOS; producto=PALITO_BOMBON_X_10; packaging_mode=PACK_CAJAS_UNIDADES; unidad_fisica=pack; total_unidades=100; cantidad_packs=1; cajas_por_pack=10; unidades_por_caja=10; total_cajas=10; 
MOV-000374,INGRESO-CAMARA-PRODUCTO-000031,2026-08-18T18:36:25.821157-03:00,WEEK-000001,INGRESO_CAMARA_PRODUCTO,EXTERNO,CAMARA,,CAM-PAL-000019,,1,,,,,,product_code=PROD-PAL-000007; categoria=PALITOS; producto=PALITO_BOMBON_X_10; packaging_mode=PACK_CAJAS_UNIDADES; unidad_fisica=pack; total_unidades=100; cantidad_packs=1; cajas_por_pack=10; unidades_por_caja=10; total_cajas=10; 
MOV-000375,INGRESO-CAMARA-PRODUCTO-000031,2026-08-18T18:36:25.821157-03:00,WEEK-000001,INGRESO_CAMARA_PRODUCTO,EXTERNO,CAMARA,,CAM-PAL-000020,,1,,,,,,product_code=PROD-PAL-000007; categoria=PALITOS; producto=PALITO_BOMBON_X_10; packaging_mode=PACK_CAJAS_UNIDADES; unidad_fisica=pack; total_unidades=100; cantidad_packs=1; cajas_por_pack=10; unidades_por_caja=10; total_cajas=10; 
MOV-000376,INGRESO-CAMARA-PRODUCTO-000031,2026-08-18T18:36:25.821157-03:00,WEEK-000001,INGRESO_CAMARA_PRODUCTO,EXTERNO,CAMARA,,CAM-PAL-000021,,1,,,,,,product_code=PROD-PAL-000007; categoria=PALITOS; producto=PALITO_BOMBON_X_10; packaging_mode=PACK_CAJAS_UNIDADES; unidad_fisica=pack; total_unidades=100; cantidad_packs=1; cajas_por_pack=10; unidades_por_caja=10; total_cajas=10; 
MOV-000377,INGRESO-CAMARA-PRODUCTO-000031,2026-08-18T18:36:25.821157-03:00,WEEK-000001,INGRESO_CAMARA_PRODUCTO,EXTERNO,CAMARA,,CAM-PAL-000022,,1,,,,,,product_code=PROD-PAL-000007; categoria=PALITOS; producto=PALITO_BOMBON_X_10; packaging_mode=PACK_CAJAS_UNIDADES; unidad_fisica=pack; total_unidades=100; cantidad_packs=1; cajas_por_pack=10; unidades_por_caja=10; total_cajas=10; 
MOV-000378,INGRESO-CAMARA-PRODUCTO-000031,2026-08-18T18:36:25.821157-03:00,WEEK-000001,INGRESO_CAMARA_PRODUCTO,EXTERNO,CAMARA,,CAM-PAL-000023,,1,,,,,,product_code=PROD-PAL-000007; categoria=PALITOS; producto=PALITO_BOMBON_X_10; packaging_mode=PACK_CAJAS_UNIDADES; unidad_fisica=pack; total_unidades=100; cantidad_packs=1; cajas_por_pack=10; unidades_por_caja=10; total_cajas=10; 
MOV-000379,INGRESO-CAMARA-PRODUCTO-000031,2026-08-18T18:36:25.821157-03:00,WEEK-000001,INGRESO_CAMARA_PRODUCTO,EXTERNO,CAMARA,,CAM-PAL-000024,,1,,,,,,product_code=PROD-PAL-000007; categoria=PALITOS; producto=PALITO_BOMBON_X_10; packaging_mode=PACK_CAJAS_UNIDADES; unidad_fisica=pack; total_unidades=100; cantidad_packs=1; cajas_por_pack=10; unidades_por_caja=10; total_cajas=10; 
MOV-000380,INGRESO-CAMARA-PRODUCTO-000031,2026-08-18T18:36:25.821157-03:00,WEEK-000001,INGRESO_CAMARA_PRODUCTO,EXTERNO,CAMARA,,CAM-PAL-000025,,1,,,,,,product_code=PROD-PAL-000007; categoria=PALITOS; producto=PALITO_BOMBON_X_10; packaging_mode=PACK_CAJAS_UNIDADES; unidad_fisica=pack; total_unidades=100; cantidad_packs=1; cajas_por_pack=10; unidades_por_caja=10; total_cajas=10; 
MOV-000381,INGRESO-CAMARA-PRODUCTO-000031,2026-08-18T18:36:25.821157-03:00,WEEK-000001,INGRESO_CAMARA_PRODUCTO,EXTERNO,CAMARA,,CAM-PAL-000026,,1,,,,,,product_code=PROD-PAL-000007; categoria=PALITOS; producto=PALITO_BOMBON_X_10; packaging_mode=PACK_CAJAS_UNIDADES; unidad_fisica=pack; total_unidades=100; cantidad_packs=1; cajas_por_pack=10; unidades_por_caja=10; total_cajas=10; 
MOV-000382,INGRESO-CAMARA-PRODUCTO-000031,2026-08-18T18:36:25.821157-03:00,WEEK-000001,INGRESO_CAMARA_PRODUCTO,EXTERNO,CAMARA,,CAM-PAL-000027,,1,,,,,,product_code=PROD-PAL-000007; categoria=PALITOS; producto=PALITO_BOMBON_X_10; packaging_mode=PACK_CAJAS_UNIDADES; unidad_fisica=pack; total_unidades=100; cantidad_packs=1; cajas_por_pack=10; unidades_por_caja=10; total_cajas=10; 
MOV-000383,INGRESO-CAMARA-PRODUCTO-000031,2026-08-18T18:36:25.821157-03:00,WEEK-000001,INGRESO_CAMARA_PRODUCTO,EXTERNO,CAMARA,,CAM-PAL-000028,,1,,,,,,product_code=PROD-PAL-000007; categoria=PALITOS; producto=PALITO_BOMBON_X_10; packaging_mode=PACK_CAJAS_UNIDADES; unidad_fisica=pack; total_unidades=100; cantidad_packs=1; cajas_por_pack=10; unidades_por_caja=10; total_cajas=10; 
MOV-000384,INGRESO-CAMARA-PRODUCTO-000032,2026-08-18T18:36:47.190918-03:00,WEEK-000001,INGRESO_CAMARA_PRODUCTO,EXTERNO,CAMARA,,CAM-PAL-000029,,1,,,,,,product_code=PROD-PAL-000006; categoria=PALITOS; producto=PALITO_AMERICANA_CREMA_X_10; packaging_mode=PACK_CAJAS_UNIDADES; unidad_fisica=pack; total_unidades=100; cantidad_packs=1; cajas_por_pack=10; unidades_por_caja=10; total_cajas=10; 
MOV-000385,INGRESO-CAMARA-PRODUCTO-000033,2026-08-18T18:37:03.028776-03:00,WEEK-000001,INGRESO_CAMARA_PRODUCTO,EXTERNO,CAMARA,,CAM-PAL-000030,,1,,,,,,product_code=PROD-PAL-000004; categoria=PALITOS; producto=PALITO_NARANJA_AGUA_X_10; packaging_mode=PACK_CAJAS_UNIDADES; unidad_fisica=pack; total_unidades=100; cantidad_packs=1; cajas_por_pack=10; unidades_por_caja=10; total_cajas=10; 
MOV-000386,INGRESO-CAMARA-PRODUCTO-000033,2026-08-18T18:37:03.028776-03:00,WEEK-000001,INGRESO_CAMARA_PRODUCTO,EXTERNO,CAMARA,,CAM-PAL-000031,,1,,,,,,product_code=PROD-PAL-000004; categoria=PALITOS; producto=PALITO_NARANJA_AGUA_X_10; packaging_mode=PACK_CAJAS_UNIDADES; unidad_fisica=pack; total_unidades=100; cantidad_packs=1; cajas_por_pack=10; unidades_por_caja=10; total_cajas=10; 
MOV-000387,INGRESO-CAMARA-PRODUCTO-000034,2026-08-18T18:39:32.258409-03:00,WEEK-000001,INGRESO_CAMARA_PRODUCTO,EXTERNO,CAMARA,,CAM-ESP-000001,,1,,,,,,product_code=PROD-ESP-000003; categoria=LINEAS_ESPECIALES; producto=YOG_MANGO_MARACUYA; packaging_mode=CAJA_UNIDADES; unidad_fisica=caja; total_unidades=12; subcategoria=YOGURES_HELADOS; cantidad_cajas=1; unidades_por_caja=12; total_cajas=1; 
MOV-000388,INGRESO-CAMARA-PRODUCTO-000035,2026-08-18T18:53:21.177197-03:00,WEEK-000001,INGRESO_CAMARA_PRODUCTO,EXTERNO,CAMARA,,CAM-FRZ-000001,,1,,,,,,product_code=PROD-FRZ-000006; categoria=FRIZZIO; producto=MINI_FRIZZIO; packaging_mode=CAJA_UNIDADES; unidad_fisica=caja; total_unidades=20; subcategoria=PIZZAS; cantidad_cajas=1; unidades_por_caja=20; total_cajas=1; 
MOV-000389,INGRESO-CAMARA-PRODUCTO-000036,2026-08-18T18:53:44.729690-03:00,WEEK-000001,INGRESO_CAMARA_PRODUCTO,EXTERNO,CAMARA,,CAM-FRZ-000002,,1,,,,,,product_code=PROD-FRZ-000005; categoria=FRIZZIO; producto=BASTONCITOS_MOZZARELLA; packaging_mode=CAJA_UNIDADES; unidad_fisica=caja; total_unidades=16; subcategoria=BASTONCITOS_MOZZARELLA; cantidad_cajas=1; unidades_por_caja=16; total_cajas=1; 
MOV-000390,INGRESO-CAMARA-PRODUCTO-000037,2026-08-18T18:54:38.763901-03:00,WEEK-000001,INGRESO_CAMARA_PRODUCTO,EXTERNO,CAMARA,,CAM-FRZ-000003,,1,,,,,,product_code=PROD-FRZ-000001; categoria=FRIZZIO; producto=PIZZA_MOZZARELLA; packaging_mode=CAJA_UNIDADES; unidad_fisica=caja; total_unidades=12; subcategoria=PIZZAS; cantidad_cajas=1; unidades_por_caja=12; total_cajas=1; 
MOV-000391,INGRESO-CAMARA-PRODUCTO-000038,2026-08-18T18:54:54.228469-03:00,WEEK-000001,INGRESO_CAMARA_PRODUCTO,EXTERNO,CAMARA,,CAM-FRZ-000004,,1,,,,,,product_code=PROD-FRZ-000003; categoria=FRIZZIO; producto=PIZZA_JAMON; packaging_mode=CAJA_UNIDADES; unidad_fisica=caja; total_unidades=11; subcategoria=PIZZAS; cantidad_cajas=1; unidades_por_caja=11; total_cajas=1; 
MOV-000392,INGRESO-CAMARA-PRODUCTO-000038,2026-08-18T18:54:54.228469-03:00,WEEK-000001,INGRESO_CAMARA_PRODUCTO,EXTERNO,CAMARA,,CAM-FRZ-000005,,1,,,,,,product_code=PROD-FRZ-000003; categoria=FRIZZIO; producto=PIZZA_JAMON; packaging_mode=CAJA_UNIDADES; unidad_fisica=caja; total_unidades=11; subcategoria=PIZZAS; cantidad_cajas=1; unidades_por_caja=11; total_cajas=1; 
MOV-000393,INGRESO-CAMARA-PRODUCTO-000039,2026-08-18T18:55:08.087212-03:00,WEEK-000001,INGRESO_CAMARA_PRODUCTO,EXTERNO,CAMARA,,CAM-FRZ-000006,,1,,,,,,product_code=PROD-FRZ-000002; categoria=FRIZZIO; producto=PIZZA_INTEGRAL; packaging_mode=CAJA_UNIDADES; unidad_fisica=caja; total_unidades=12; subcategoria=PIZZAS; cantidad_cajas=1; unidades_por_caja=12; total_cajas=1; 
MOV-000394,INGRESO-CAMARA-PRODUCTO-000040,2026-08-18T19:00:13.593235-03:00,WEEK-000001,INGRESO_CAMARA_PRODUCTO,EXTERNO,CAMARA,,CAM-FRZ-000007,,1,,,,,,product_code=PROD-FRZ-000007; categoria=FRIZZIO; producto=PIZZA_CASERA; packaging_mode=CAJA_UNIDADES; unidad_fisica=caja; total_unidades=8; subcategoria=PIZZAS; cantidad_cajas=1; unidades_por_caja=8; total_cajas=1; 
MOV-000395,AJUSTE-CIERRE-SALON-000001,2026-08-19T00:47:54.536713-03:00,WEEK-000001,AJUSTE_INVENTARIO_SALON_CORRECCION,SALON,SALON,SAL-000029,SAL-000029,MARACUYA_AL_AGUA,1,5.8,0.38,5.42,,,Corrección cierre semanal. old_sabor=A; new_sabor=MARACUYA_AL_AGUA; old_estado=ABIERTA; new_estado=ABIERTA
MOV-000396,AJUSTE-CIERRE-SALON-000001,2026-08-19T00:47:54.536713-03:00,WEEK-000001,AJUSTE_INVENTARIO_SALON_CORRECCION,SALON,SALON,SAL-000054,SAL-000054,MANGO_AL_AGUA,1,7.2,0.38,6.82,,,Corrección cierre semanal. old_sabor=AA; new_sabor=MANGO_AL_AGUA; old_estado=ABIERTA; new_estado=ABIERTA
MOV-000397,AJUSTE-CIERRE-SALON-000001,2026-08-19T00:47:54.536713-03:00,WEEK-000001,AJUSTE_INVENTARIO_SALON_CORRECCION,SALON,SALON,SAL-000030,SAL-000030,LIMON_AL_AGUA,1,4.52,0.38,4.14,,,Corrección cierre semanal. old_sabor=B; new_sabor=LIMON_AL_AGUA; old_estado=ABIERTA; new_estado=ABIERTA
MOV-000398,AJUSTE-CIERRE-SALON-000001,2026-08-19T00:47:54.536713-03:00,WEEK-000001,AJUSTE_INVENTARIO_SALON_CORRECCION,SALON,SALON,SAL-000055,SAL-000055,FRUTOS_ROJOS_AL_AGUA,1,6.85,0.38,6.47,,,Corrección cierre semanal. old_sabor=BB; new_sabor=FRUTOS_ROJOS_AL_AGUA; old_estado=ABIERTA; new_estado=ABIERTA
MOV-000399,AJUSTE-CIERRE-SALON-000001,2026-08-19T00:47:54.536713-03:00,WEEK-000001,AJUSTE_INVENTARIO_SALON_CORRECCION,SALON,SALON,SAL-000031,SAL-000031,FRUTILLA_AL_AGUA,1,7.95,0.38,7.57,,,Corrección cierre semanal. old_sabor=C; new_sabor=FRUTILLA_AL_AGUA; old_estado=ABIERTA; new_estado=ABIERTA
MOV-000400,AJUSTE-CIERRE-SALON-000001,2026-08-19T00:47:54.536713-03:00,WEEK-000001,AJUSTE_INVENTARIO_SALON_CORRECCION,SALON,SALON,SAL-000056,SAL-000056,DURAZNO_A_LA_CREMA,1,4.075,0.38,3.695,,,Corrección cierre semanal. old_sabor=CC; new_sabor=DURAZNO_A_LA_CREMA; old_estado=ABIERTA; new_estado=ABIERTA
MOV-000401,AJUSTE-CIERRE-SALON-000001,2026-08-19T00:47:54.536713-03:00,WEEK-000001,AJUSTE_INVENTARIO_SALON_CORRECCION,SALON,SALON,SAL-000032,SAL-000032,FRUTILLA_A_LA_CREMA,1,6.575,0.38,6.195,,,Corrección cierre semanal. old_sabor=D; new_sabor=FRUTILLA_A_LA_CREMA; old_estado=ABIERTA; new_estado=ABIERTA
MOV-000402,AJUSTE-CIERRE-SALON-000001,2026-08-19T00:47:54.536713-03:00,WEEK-000001,AJUSTE_INVENTARIO_SALON_CORRECCION,SALON,SALON,SAL-000057,SAL-000057,BANANA,1,6.27,0.38,5.89,,,Corrección cierre semanal. old_sabor=DD; new_sabor=BANANA; old_estado=ABIERTA; new_estado=ABIERTA
MOV-000403,AJUSTE-CIERRE-SALON-000001,2026-08-19T00:47:54.536713-03:00,WEEK-000001,AJUSTE_INVENTARIO_SALON_CORRECCION,SALON,SALON,SAL-000033,SAL-000033,TRAMONTANA,1,3.1,0.38,2.72,,,Corrección cierre semanal. old_sabor=E; new_sabor=TRAMONTANA; old_estado=ABIERTA; new_estado=ABIERTA
MOV-000404,AJUSTE-CIERRE-SALON-000001,2026-08-19T00:47:54.536713-03:00,WEEK-000001,AJUSTE_INVENTARIO_SALON_CORRECCION,SALON,SALON,SAL-000058,SAL-000058,GRANIZADO,1,6.91,0.38,6.53,,,Corrección cierre semanal. old_sabor=EE; new_sabor=GRANIZADO; old_estado=ABIERTA; new_estado=ABIERTA
MOV-000405,AJUSTE-CIERRE-SALON-000001,2026-08-19T00:47:54.536713-03:00,WEEK-000001,AJUSTE_INVENTARIO_SALON_CORRECCION,SALON,SALON,SAL-000034,SAL-000034,CREMA_COOKIE,1,6.095,0.38,5.715,,,Corrección cierre semanal. old_sabor=F; new_sabor=CREMA_COOKIE; old_estado=ABIERTA; new_estado=ABIERTA
MOV-000406,AJUSTE-CIERRE-SALON-000001,2026-08-19T00:47:54.536713-03:00,WEEK-000001,AJUSTE_INVENTARIO_SALON_CORRECCION,SALON,SALON,SAL-000035,SAL-000035,AMERICANA,1,5.93,0.38,5.55,,,Corrección cierre semanal. old_sabor=G; new_sabor=AMERICANA; old_estado=ABIERTA; new_estado=ABIERTA
MOV-000407,AJUSTE-CIERRE-SALON-000001,2026-08-19T00:47:54.536713-03:00,WEEK-000001,AJUSTE_INVENTARIO_SALON_CORRECCION,SALON,SALON,SAL-000036,SAL-000036,DULCE_DE_LECHE_BROWNIE,1,3.94,0.38,3.56,,,Corrección cierre semanal. old_sabor=H; new_sabor=DULCE_DE_LECHE_BROWNIE; old_estado=ABIERTA; new_estado=ABIERTA
MOV-000408,AJUSTE-CIERRE-SALON-000001,2026-08-19T00:47:54.536713-03:00,WEEK-000001,AJUSTE_INVENTARIO_SALON_CORRECCION,SALON,SALON,SAL-000059,SAL-000059,MASCARPONE,1,0.66,0.38,0.28,,,Corrección cierre semanal. old_sabor=HH; new_sabor=MASCARPONE; old_estado=ABIERTA; new_estado=ABIERTA
MOV-000409,AJUSTE-CIERRE-SALON-000001,2026-08-19T00:47:54.536713-03:00,WEEK-000001,AJUSTE_INVENTARIO_SALON_CORRECCION,SALON,SALON,SAL-000037,SAL-000037,SUPER_DULCE_DE_LECHE,1,5.29,0.38,4.91,,,Corrección cierre semanal. old_sabor=I; new_sabor=SUPER_DULCE_DE_LECHE; old_estado=ABIERTA; new_estado=ABIERTA
MOV-000410,AJUSTE-CIERRE-SALON-000001,2026-08-19T00:47:54.536713-03:00,WEEK-000001,AJUSTE_INVENTARIO_SALON_CORRECCION,SALON,SALON,SAL-000060,SAL-000060,DULCE_DE_LECHE_CON_NUEZ,1,6.375,0.38,5.995,,,Corrección cierre semanal. old_sabor=II; new_sabor=DULCE_DE_LECHE_CON_NUEZ; old_estado=ABIERTA; new_estado=ABIERTA
MOV-000411,AJUSTE-CIERRE-SALON-000001,2026-08-19T00:47:54.536713-03:00,WEEK-000001,AJUSTE_INVENTARIO_SALON_CORRECCION,SALON,SALON,SAL-000038,SAL-000038,DULCE_DE_LECHE_GRANIZADO,1,7.33,0.38,6.95,,,Corrección cierre semanal. old_sabor=J; new_sabor=DULCE_DE_LECHE_GRANIZADO; old_estado=ABIERTA; new_estado=ABIERTA
MOV-000412,AJUSTE-CIERRE-SALON-000001,2026-08-19T00:47:54.536713-03:00,WEEK-000001,AJUSTE_INVENTARIO_SALON_CORRECCION,SALON,SALON,SAL-000061,SAL-000061,DULCE_DE_LECHE,1,6.925,0.38,6.545,,,Corrección cierre semanal. old_sabor=JJ; new_sabor=DULCE_DE_LECHE; old_estado=ABIERTA; new_estado=ABIERTA
MOV-000413,AJUSTE-CIERRE-SALON-000001,2026-08-19T00:47:54.536713-03:00,WEEK-000001,AJUSTE_INVENTARIO_SALON_CORRECCION,SALON,SALON,SAL-000039,SAL-000039,MENTA_GRANIZADO,1,7.385,0.38,7.005,,,Corrección cierre semanal. old_sabor=K; new_sabor=MENTA_GRANIZADO; old_estado=ABIERTA; new_estado=ABIERTA
MOV-000414,AJUSTE-CIERRE-SALON-000001,2026-08-19T00:47:54.536713-03:00,WEEK-000001,AJUSTE_INVENTARIO_SALON_CORRECCION,SALON,SALON,SAL-000062,SAL-000062,CEREZA,1,3.275,0.38,2.895,,,Corrección cierre semanal. old_sabor=KK; new_sabor=CEREZA; old_estado=ABIERTA; new_estado=ABIERTA
MOV-000415,AJUSTE-CIERRE-SALON-000001,2026-08-19T00:47:54.536713-03:00,WEEK-000001,AJUSTE_INVENTARIO_SALON_CORRECCION,SALON,SALON,SAL-000040,SAL-000040,SUPER_GRIDITO,1,8.16,0.38,7.78,,,Corrección cierre semanal. old_sabor=L; new_sabor=SUPER_GRIDITO; old_estado=ABIERTA; new_estado=ABIERTA
MOV-000416,AJUSTE-CIERRE-SALON-000001,2026-08-19T00:47:54.536713-03:00,WEEK-000001,AJUSTE_INVENTARIO_SALON_CORRECCION,SALON,SALON,SAL-000063,SAL-000063,TIRAMISU,1,3.9,0.38,3.52,,,Corrección cierre semanal. old_sabor=LL; new_sabor=TIRAMISU; old_estado=ABIERTA; new_estado=ABIERTA
MOV-000417,AJUSTE-CIERRE-SALON-000001,2026-08-19T00:47:54.536713-03:00,WEEK-000001,AJUSTE_INVENTARIO_SALON_CORRECCION,SALON,SALON,SAL-000041,SAL-000041,CREMA_RUSA,1,8.13,0.38,7.75,,,Corrección cierre semanal. old_sabor=M; new_sabor=CREMA_RUSA; old_estado=ABIERTA; new_estado=ABIERTA
MOV-000418,AJUSTE-CIERRE-SALON-000001,2026-08-19T00:47:54.536713-03:00,WEEK-000001,AJUSTE_INVENTARIO_SALON_CORRECCION,SALON,SALON,SAL-000064,SAL-000064,GRIDO_MARROC,1,8.3,0.38,7.92,,,Corrección cierre semanal. old_sabor=MM; new_sabor=GRIDO_MARROC; old_estado=ABIERTA; new_estado=ABIERTA
MOV-000419,AJUSTE-CIERRE-SALON-000001,2026-08-19T00:47:54.536713-03:00,WEEK-000001,AJUSTE_INVENTARIO_SALON_CORRECCION,SALON,SALON,SAL-000042,SAL-000042,CHOCOLATE_BLANCO,1,8.105,0.38,7.725,,,Corrección cierre semanal. old_sabor=N; new_sabor=CHOCOLATE_BLANCO; old_estado=ABIERTA; new_estado=ABIERTA
MOV-000420,AJUSTE-CIERRE-SALON-000001,2026-08-19T00:47:54.536713-03:00,WEEK-000001,AJUSTE_INVENTARIO_SALON_CORRECCION,SALON,SALON,SAL-000043,SAL-000043,CHOCOLATE_CON_ALMENDRAS,1,3.2,0.38,2.82,,,Corrección cierre semanal. old_sabor=O; new_sabor=CHOCOLATE_CON_ALMENDRAS; old_estado=ABIERTA; new_estado=ABIERTA
MOV-000421,AJUSTE-CIERRE-SALON-000001,2026-08-19T00:47:54.536713-03:00,WEEK-000001,AJUSTE_INVENTARIO_SALON_CORRECCION,SALON,SALON,SAL-000044,SAL-000044,CHOCOLATE,1,0.93,0.38,0.55,,,Corrección cierre semanal. old_sabor=P; new_sabor=CHOCOLATE; old_estado=ABIERTA; new_estado=ABIERTA
MOV-000422,AJUSTE-CIERRE-SALON-000001,2026-08-19T00:47:54.536713-03:00,WEEK-000001,AJUSTE_INVENTARIO_SALON_CORRECCION,SALON,SALON,SAL-000045,SAL-000045,CHOCOLATE_SUIZO,1,6.9,0.38,6.52,,,Corrección cierre semanal. old_sabor=Q; new_sabor=CHOCOLATE_SUIZO; old_estado=ABIERTA; new_estado=ABIERTA
MOV-000423,AJUSTE-CIERRE-SALON-000001,2026-08-19T00:47:54.536713-03:00,WEEK-000001,AJUSTE_INVENTARIO_SALON_CORRECCION,SALON,SALON,SAL-000046,SAL-000046,CHOCOLATE_MANI_CRUNCH,1,6.83,0.38,6.45,,,Corrección cierre semanal. old_sabor=R; new_sabor=CHOCOLATE_MANI_CRUNCH; old_estado=ABIERTA; new_estado=ABIERTA
MOV-000424,AJUSTE-CIERRE-SALON-000001,2026-08-19T00:47:54.536713-03:00,WEEK-000001,AJUSTE_INVENTARIO_SALON_CORRECCION,SALON,SALON,SAL-000047,SAL-000047,QUINOTO,1,1.84,0.38,1.46,,,Corrección cierre semanal. old_sabor=S; new_sabor=QUINOTO; old_estado=ABIERTA; new_estado=ABIERTA
MOV-000425,AJUSTE-CIERRE-SALON-000001,2026-08-19T00:47:54.536713-03:00,WEEK-000001,AJUSTE_INVENTARIO_SALON_CORRECCION,SALON,SALON,SAL-000048,SAL-000048,ANANA,1,6.605,0.38,6.225,,,Corrección cierre semanal. old_sabor=T; new_sabor=ANANA; old_estado=ABIERTA; new_estado=ABIERTA
MOV-000426,AJUSTE-CIERRE-SALON-000001,2026-08-19T00:47:54.536713-03:00,WEEK-000001,AJUSTE_INVENTARIO_SALON_CORRECCION,SALON,SALON,SAL-000049,SAL-000049,CHOCOLATE_BLANCO_OREO,1,3.92,0.38,3.54,,,Corrección cierre semanal. old_sabor=U; new_sabor=CHOCOLATE_BLANCO_OREO; old_estado=ABIERTA; new_estado=ABIERTA
MOV-000427,AJUSTE-CIERRE-SALON-000001,2026-08-19T00:47:54.536713-03:00,WEEK-000001,AJUSTE_INVENTARIO_SALON_CORRECCION,SALON,SALON,SAL-000050,SAL-000050,CAPUCCINO_GRANIZADO,1,3.495,0.38,3.115,,,Corrección cierre semanal. old_sabor=V; new_sabor=CAPUCCINO_GRANIZADO; old_estado=ABIERTA; new_estado=ABIERTA
MOV-000428,AJUSTE-CIERRE-SALON-000001,2026-08-19T00:47:54.536713-03:00,WEEK-000001,AJUSTE_INVENTARIO_SALON_CORRECCION,SALON,SALON,SAL-000051,SAL-000051,CHOCOLATE_DUBAI,1,2.095,0.38,1.715,,,Corrección cierre semanal. old_sabor=W; new_sabor=CHOCOLATE_DUBAI; old_estado=ABIERTA; new_estado=ABIERTA
MOV-000429,AJUSTE-CIERRE-SALON-000001,2026-08-19T00:47:54.536713-03:00,WEEK-000001,AJUSTE_INVENTARIO_SALON_CORRECCION,SALON,SALON,SAL-000052,SAL-000052,FLAN,1,3.625,0.38,3.245,,,Corrección cierre semanal. old_sabor=Y; new_sabor=FLAN; old_estado=ABIERTA; new_estado=ABIERTA
MOV-000430,AJUSTE-CIERRE-SALON-000001,2026-08-19T00:47:54.536713-03:00,WEEK-000001,AJUSTE_INVENTARIO_SALON_CORRECCION,SALON,SALON,SAL-000053,SAL-000053,VAINILLA,1,8.69,0.38,8.31,,,Corrección cierre semanal. old_sabor=Z; new_sabor=VAINILLA; old_estado=ABIERTA; new_estado=ABIERTA
MOV-000431,AJUSTE-CIERRE-SALON-000001,2026-08-19T00:47:54.536713-03:00,WEEK-000001,AJUSTE_INVENTARIO_SALON_CORRECCION,SALON,SALON,SAL-000023,SAL-000023,NARANJA_AL_AGUA,1,6.63,0.38,6.25,,,Corrección cierre semanal. old_sabor=AMERICANA; new_sabor=NARANJA_AL_AGUA; old_estado=CERRADA; new_estado=ABIERTA
MOV-000432,AJUSTE-CIERRE-SALON-000001,2026-08-19T00:47:54.536713-03:00,WEEK-000001,AJUSTE_INVENTARIO_SALON_CORRECCION,SALON,SALON,SAL-000002,SAL-000002,SELECCION_ARGENTINA,1,2.35,0.38,1.97,,,Corrección cierre semanal. old_sabor=ANANA; new_sabor=SELECCION_ARGENTINA; old_estado=CERRADA; new_estado=ABIERTA
MOV-000433,AJUSTE-CIERRE-SALON-000001,2026-08-19T00:47:54.536713-03:00,WEEK-000001,AJUSTE_INVENTARIO_SALON_CORRECCION,SALON,SALON,SAL-000026,SAL-000026,SAMBAYON,1,1.84,0.38,1.46,,,Corrección cierre semanal. old_sabor=BANANA; new_sabor=SAMBAYON; old_estado=CERRADA; new_estado=ABIERTA
MOV-000434,AJUSTE-CIERRE-SALON-000001,2026-08-19T00:47:54.536713-03:00,WEEK-000001,AJUSTE_INVENTARIO_SALON_CORRECCION,SALON,SALON,SAL-000014,SAL-000014,CAPUCCINO_GRANIZADO,1,7.71,0.38,7.33,,,Corrección cierre semanal. old_sabor=CEREZA; new_sabor=CAPUCCINO_GRANIZADO; old_estado=CERRADA; new_estado=CERRADA
MOV-000435,RECAMBIO-000001,2026-08-19T00:52:40.090409-03:00,WEEK-000002,LATA_AGOTADA,SALON,FUERA_STOCK,SAL-000059,,MASCARPONE,1,0.335,0.335,0.0,0.335,0.0,
MOV-000435,RECAMBIO-000001,2026-08-19T00:52:40.090409-03:00,WEEK-000002,LATA_ABIERTA,SALON,SALON,SAL-000020,SAL-000020,MASCARPONE,1,7.775,0.38,7.395,,,
MOV-000435,RECAMBIO-000001,2026-08-19T00:52:40.090409-03:00,WEEK-000002,CAMARA_A_SALON,CAMARA,SALON,CAM-MAS-000001,SAL-000065,MASCARPONE,1,7.88,0.38,7.5,,,
MOV-000435,RECAMBIO-000001,2026-08-19T00:52:40.090409-03:00,WEEK-000002,CAMBIO_SABOR,SALON,SALON,SAL-000059,SAL-000020,MASCARPONE,1,7.775,0.38,7.395,,,
MOV-000436,RECAMBIO-000002,2026-08-19T00:54:50.339120-03:00,WEEK-000002,LATA_AGOTADA,SALON,FUERA_STOCK,SAL-000044,,CHOCOLATE,1,0.36,0.36,0.0,0.36,0.0,
MOV-000436,RECAMBIO-000002,2026-08-19T00:54:50.339120-03:00,WEEK-000002,LATA_ABIERTA,SALON,SALON,SAL-000006,SAL-000006,CHOCOLATE,1,8.155,0.38,7.775,,,
MOV-000436,RECAMBIO-000002,2026-08-19T00:54:50.339120-03:00,WEEK-000002,CAMARA_A_SALON,CAMARA,SALON,CAM-CHO-000001,SAL-000066,CHOCOLATE,1,8.15,0.38,7.77,,,
MOV-000436,RECAMBIO-000002,2026-08-19T00:54:50.339120-03:00,WEEK-000002,CAMBIO_SABOR,SALON,SALON,SAL-000044,SAL-000006,CHOCOLATE,1,8.155,0.38,7.775,,,
MOV-000437,RECAMBIO-000003,2026-08-23T14:03:27.877904-03:00,WEEK-000002,LATA_AGOTADA,SALON,FUERA_STOCK,SAL-000051,,CHOCOLATE_DUBAI,1,0.345,0.345,0.0,0.345,0.0,
MOV-000437,RECAMBIO-000003,2026-08-23T14:03:27.877904-03:00,WEEK-000002,LATA_ABIERTA,SALON,SALON,SAL-000067,SAL-000067,CHOCOLATE_DUBAI,1,7.94,0.38,7.56,,,
MOV-000437,RECAMBIO-000003,2026-08-23T14:03:27.877904-03:00,WEEK-000002,CAMARA_A_SALON,CAMARA,SALON,CAM-DUB-000001,SAL-000071,CHOCOLATE_DUBAI,1,8.165,0.38,7.785,,,
MOV-000437,RECAMBIO-000003,2026-08-23T14:03:27.877904-03:00,WEEK-000002,CAMBIO_SABOR,SALON,SALON,SAL-000051,SAL-000067,CHOCOLATE_DUBAI,1,7.94,0.38,7.56,,,
MOV-000438,RECAMBIO-000004,2026-08-23T14:08:22.423520-03:00,WEEK-000002,LATA_AGOTADA,SALON,FUERA_STOCK,SAL-000052,,FLAN,1,0.315,0.315,0.0,0.315,0.0,
MOV-000438,RECAMBIO-000004,2026-08-23T14:08:22.423520-03:00,WEEK-000002,CAMARA_A_SALON,CAMARA,SALON,CAM-FLN-000001,SAL-000072,FLAN,1,7.945,0.38,7.565,,,
MOV-000438,RECAMBIO-000004,2026-08-23T14:08:22.423520-03:00,WEEK-000002,LATA_ABIERTA,SALON,SALON,SAL-000072,SAL-000072,FLAN,1,7.945,0.38,7.565,,,
MOV-000438,RECAMBIO-000004,2026-08-23T14:08:22.423520-03:00,WEEK-000002,CAMBIO_SABOR,SALON,SALON,SAL-000052,SAL-000072,FLAN,1,7.945,0.38,7.565,,,
MOV-000439,RECAMBIO-000005,2026-08-23T14:13:52.505637-03:00,WEEK-000002,LATA_AGOTADA,SALON,FUERA_STOCK,SAL-000049,,CHOCOLATE_BLANCO_OREO,1,0.465,0.465,0.0,0.465,0.085,
MOV-000439,RECAMBIO-000005,2026-08-23T14:13:52.505637-03:00,WEEK-000002,LATA_ABIERTA,SALON,SALON,SAL-000015,SAL-000015,CHOCOLATE_BLANCO_OREO,1,7.95,0.38,7.57,,,
MOV-000439,RECAMBIO-000005,2026-08-23T14:13:52.505637-03:00,WEEK-000002,CAMARA_A_SALON,CAMARA,SALON,CAM-CBO-000001,SAL-000073,CHOCOLATE_BLANCO_OREO,1,8.08,0.38,7.7,,,
MOV-000439,RECAMBIO-000005,2026-08-23T14:13:52.505637-03:00,WEEK-000002,CAMBIO_SABOR,SALON,SALON,SAL-000049,SAL-000015,CHOCOLATE_BLANCO_OREO,1,7.95,0.38,7.57,,,
MOV-000440,RECAMBIO-000006,2026-08-23T14:17:29.527810-03:00,WEEK-000002,LATA_AGOTADA,SALON,FUERA_STOCK,SAL-000043,,CHOCOLATE_CON_ALMENDRAS,1,0.38,0.38,0.0,0.38,0.0,
MOV-000440,RECAMBIO-000006,2026-08-23T14:17:29.527810-03:00,WEEK-000002,LATA_ABIERTA,SALON,SALON,SAL-000008,SAL-000008,CHOCOLATE_CON_ALMENDRAS,1,8.045,0.38,7.665,,,
MOV-000440,RECAMBIO-000006,2026-08-23T14:17:29.527810-03:00,WEEK-000002,CAMARA_A_SALON,CAMARA,SALON,CAM-ALM-000001,SAL-000074,CHOCOLATE_CON_ALMENDRAS,1,7.86,0.38,7.48,,,
MOV-000440,RECAMBIO-000006,2026-08-23T14:17:29.527810-03:00,WEEK-000002,CAMBIO_SABOR,SALON,SALON,SAL-000043,SAL-000008,CHOCOLATE_CON_ALMENDRAS,1,8.045,0.38,7.665,,,
MOV-000441,RECAMBIO-000007,2026-08-23T14:22:05.041607-03:00,WEEK-000002,LATA_AGOTADA,SALON,FUERA_STOCK,SAL-000047,,QUINOTO,1,0.48,0.48,0.0,0.48,0.1,
MOV-000441,RECAMBIO-000007,2026-08-23T14:22:05.041607-03:00,WEEK-000002,LATA_ABIERTA,SALON,SALON,SAL-000004,SAL-000004,QUINOTO,1,8.05,0.38,7.67,,,
MOV-000441,RECAMBIO-000007,2026-08-23T14:22:05.041607-03:00,WEEK-000002,CAMARA_A_SALON,CAMARA,SALON,CAM-QUI-000001,SAL-000075,QUINOTO,1,7.78,0.38,7.4,,,
MOV-000441,RECAMBIO-000007,2026-08-23T14:22:05.041607-03:00,WEEK-000002,CAMBIO_SABOR,SALON,SALON,SAL-000047,SAL-000004,QUINOTO,1,8.05,0.38,7.67,,,
MOV-000442,RECAMBIO-000008,2026-08-23T14:23:59.988357-03:00,WEEK-000002,LATA_AGOTADA,SALON,FUERA_STOCK,SAL-000033,,TRAMONTANA,1,0.335,0.335,0.0,0.335,0.0,
MOV-000442,RECAMBIO-000008,2026-08-23T14:23:59.988357-03:00,WEEK-000002,LATA_ABIERTA,SALON,SALON,SAL-000024,SAL-000024,TRAMONTANA,1,8.09,0.38,7.71,,,
MOV-000442,RECAMBIO-000008,2026-08-23T14:23:59.988357-03:00,WEEK-000002,CAMARA_A_SALON,CAMARA,SALON,CAM-TRA-000001,SAL-000076,TRAMONTANA,1,8.085,0.38,7.705,,,
MOV-000442,RECAMBIO-000008,2026-08-23T14:23:59.988357-03:00,WEEK-000002,CAMBIO_SABOR,SALON,SALON,SAL-000033,SAL-000024,TRAMONTANA,1,8.09,0.38,7.71,,,
MOV-000443,RECAMBIO-000009,2026-08-23T14:25:31.870099-03:00,WEEK-000002,LATA_AGOTADA,SALON,FUERA_STOCK,SAL-000057,,BANANA,1,0.37,0.37,0.0,0.37,0.0,
MOV-000443,RECAMBIO-000009,2026-08-23T14:25:31.870099-03:00,WEEK-000002,LATA_ABIERTA,SALON,SALON,SAL-000069,SAL-000069,BANANA,1,8.07,0.38,7.69,,,
MOV-000443,RECAMBIO-000009,2026-08-23T14:25:31.870099-03:00,WEEK-000002,CAMARA_A_SALON,CAMARA,SALON,CAM-BAN-000001,SAL-000077,BANANA,1,8.07,0.38,7.69,,,
MOV-000443,RECAMBIO-000009,2026-08-23T14:25:31.870099-03:00,WEEK-000002,CAMBIO_SABOR,SALON,SALON,SAL-000057,SAL-000069,BANANA,1,8.07,0.38,7.69,,,
MOV-000444,RECAMBIO-000010,2026-08-23T14:29:17.187612-03:00,WEEK-000002,LATA_AGOTADA,SALON,FUERA_STOCK,SAL-000032,,FRUTILLA_A_LA_CREMA,1,0.335,0.335,0.0,0.335,0.0,
MOV-000444,RECAMBIO-000010,2026-08-23T14:29:17.187612-03:00,WEEK-000002,LATA_ABIERTA,SALON,SALON,SAL-000027,SAL-000027,FRUTILLA_A_LA_CREMA,1,8.08,0.38,7.7,,,
MOV-000444,RECAMBIO-000010,2026-08-23T14:29:17.187612-03:00,WEEK-000002,CAMARA_A_SALON,CAMARA,SALON,CAM-FAC-000001,SAL-000078,FRUTILLA_A_LA_CREMA,1,8.625,0.38,8.245,,,
MOV-000444,RECAMBIO-000010,2026-08-23T14:29:17.187612-03:00,WEEK-000002,CAMBIO_SABOR,SALON,SALON,SAL-000032,SAL-000027,FRUTILLA_A_LA_CREMA,1,8.08,0.38,7.7,,,
MOV-000445,RECAMBIO-000011,2026-08-23T16:33:32.488392-03:00,WEEK-000002,LATA_AGOTADA,SALON,FUERA_STOCK,SAL-000026,,SAMBAYON,1,0.37,0.37,0.0,0.37,0.0,
MOV-000445,RECAMBIO-000011,2026-08-23T16:33:32.488392-03:00,WEEK-000002,CAMARA_A_SALON,CAMARA,SALON,CAM-SAM-000001,SAL-000079,SAMBAYON,1,7.94,0.38,7.56,,,
MOV-000445,RECAMBIO-000011,2026-08-23T16:33:32.488392-03:00,WEEK-000002,LATA_ABIERTA,SALON,SALON,SAL-000079,SAL-000079,SAMBAYON,1,7.94,0.38,7.56,,,
MOV-000445,RECAMBIO-000011,2026-08-23T16:33:32.488392-03:00,WEEK-000002,CAMBIO_SABOR,SALON,SALON,SAL-000026,SAL-000079,SAMBAYON,1,7.94,0.38,7.56,,,
MOV-000446,RECAMBIO-000012,2026-08-23T17:16:18.888235-03:00,WEEK-000002,LATA_AGOTADA,SALON,FUERA_STOCK,SAL-000037,,SUPER_DULCE_DE_LECHE,1,0.385,0.385,0.0,0.385,0.005,
MOV-000446,RECAMBIO-000012,2026-08-23T17:16:18.888235-03:00,WEEK-000002,LATA_ABIERTA,SALON,SALON,SAL-000019,SAL-000019,SUPER_DULCE_DE_LECHE,1,8.0,0.38,7.62,,,
MOV-000446,RECAMBIO-000012,2026-08-23T17:16:18.888235-03:00,WEEK-000002,CAMARA_A_SALON,CAMARA,SALON,CAM-SDL-000001,SAL-000080,SUPER_DULCE_DE_LECHE,1,8.14,0.38,7.76,,,
MOV-000446,RECAMBIO-000012,2026-08-23T17:16:18.888235-03:00,WEEK-000002,CAMBIO_SABOR,SALON,SALON,SAL-000037,SAL-000019,SUPER_DULCE_DE_LECHE,1,8.0,0.38,7.62,,,
MOV-000447,RECAMBIO-000013,2026-08-23T17:25:29.352689-03:00,WEEK-000002,LATA_AGOTADA,SALON,FUERA_STOCK,SAL-000038,,DULCE_DE_LECHE_GRANIZADO,1,0.425,0.425,0.0,0.425,0.045,
MOV-000447,RECAMBIO-000013,2026-08-23T17:25:29.352689-03:00,WEEK-000002,LATA_ABIERTA,SALON,SALON,SAL-000017,SAL-000017,DULCE_DE_LECHE_GRANIZADO,1,7.7,0.38,7.32,,,
MOV-000447,RECAMBIO-000013,2026-08-23T17:25:29.352689-03:00,WEEK-000002,CAMARA_A_SALON,CAMARA,SALON,CAM-DLG-000001,SAL-000081,DULCE_DE_LECHE_GRANIZADO,1,7.885,0.38,7.505,,,
MOV-000447,RECAMBIO-000013,2026-08-23T17:25:29.352689-03:00,WEEK-000002,CAMBIO_SABOR,SALON,SALON,SAL-000038,SAL-000017,DULCE_DE_LECHE_GRANIZADO,1,7.7,0.38,7.32,,,
MOV-000448,INGRESO-CAMARA-000045,2026-08-23T19:39:58.262797-03:00,WEEK-000002,INGRESO_CAMARA,EXTERNO,CAMARA,,CAM-SGI-000004,SUPER_GRIDITO,1,,,7.8,,,
MOV-000449,INGRESO-CAMARA-000045,2026-08-23T19:39:58.262797-03:00,WEEK-000002,INGRESO_CAMARA,EXTERNO,CAMARA,,CAM-SGI-000005,SUPER_GRIDITO,1,,,7.8,,,
MOV-000450,INGRESO-CAMARA-000045,2026-08-23T19:39:58.262797-03:00,WEEK-000002,INGRESO_CAMARA,EXTERNO,CAMARA,,CAM-SGI-000006,SUPER_GRIDITO,1,,,7.8,,,
MOV-000451,INGRESO-CAMARA-000046,2026-08-23T19:40:27.586030-03:00,WEEK-000002,INGRESO_CAMARA,EXTERNO,CAMARA,,CAM-CRU-000004,CREMA_RUSA,1,,,7.8,,,
MOV-000452,INGRESO-CAMARA-000047,2026-08-23T19:40:46.685756-03:00,WEEK-000002,INGRESO_CAMARA,EXTERNO,CAMARA,,CAM-FLN-000009,FLAN,1,,,7.8,,,
MOV-000453,INGRESO-CAMARA-000048,2026-08-23T19:41:11.149248-03:00,WEEK-000002,INGRESO_CAMARA,EXTERNO,CAMARA,,CAM-SAM-000004,SAMBAYON,1,,,7.8,,,
MOV-000454,INGRESO-CAMARA-000049,2026-08-23T19:41:33.718990-03:00,WEEK-000002,INGRESO_CAMARA,EXTERNO,CAMARA,,CAM-MAR-000008,GRIDO_MARROC,1,,,7.8,,,
MOV-000455,INGRESO-CAMARA-000050,2026-08-23T19:42:01.288749-03:00,WEEK-000002,INGRESO_CAMARA,EXTERNO,CAMARA,,CAM-TIR-000004,TIRAMISU,1,,,7.8,,,
MOV-000456,INGRESO-CAMARA-000051,2026-08-23T19:42:23.015837-03:00,WEEK-000002,INGRESO_CAMARA,EXTERNO,CAMARA,,CAM-MEN-000004,MENTA_GRANIZADO,1,,,7.8,,,
MOV-000457,INGRESO-CAMARA-000052,2026-08-23T19:42:59.244821-03:00,WEEK-000002,INGRESO_CAMARA,EXTERNO,CAMARA,,CAM-CAP-000003,CAPUCCINO_GRANIZADO,1,,,7.8,,,
MOV-000458,INGRESO-CAMARA-000052,2026-08-23T19:42:59.244821-03:00,WEEK-000002,INGRESO_CAMARA,EXTERNO,CAMARA,,CAM-CAP-000004,CAPUCCINO_GRANIZADO,1,,,7.8,,,
MOV-000459,INGRESO-CAMARA-000053,2026-08-23T19:44:11.876174-03:00,WEEK-000002,INGRESO_CAMARA,EXTERNO,CAMARA,,CAM-BAN-000010,BANANA,1,,,7.8,,,
MOV-000460,INGRESO-CAMARA-000054,2026-08-23T19:44:31.705326-03:00,WEEK-000002,INGRESO_CAMARA,EXTERNO,CAMARA,,CAM-CER-000004,CEREZA,1,,,7.8,,,
MOV-000461,INGRESO-CAMARA-000055,2026-08-23T19:44:52.875836-03:00,WEEK-000002,INGRESO_CAMARA,EXTERNO,CAMARA,,CAM-ANA-000004,ANANA,1,,,7.8,,,
MOV-000462,INGRESO-CAMARA-000056,2026-08-23T19:45:18.996347-03:00,WEEK-000002,INGRESO_CAMARA,EXTERNO,CAMARA,,CAM-FAC-000010,FRUTILLA_A_LA_CREMA,1,,,7.8,,,
MOV-000463,INGRESO-CAMARA-000057,2026-08-23T19:45:41.398129-03:00,WEEK-000002,INGRESO_CAMARA,EXTERNO,CAMARA,,CAM-DAC-000004,DURAZNO_A_LA_CREMA,1,,,7.8,,,
MOV-000464,INGRESO-CAMARA-000058,2026-08-23T19:46:53.978704-03:00,WEEK-000002,INGRESO_CAMARA,EXTERNO,CAMARA,,CAM-FAA-000004,FRUTILLA_AL_AGUA,1,,,7.8,,,
MOV-000465,INGRESO-CAMARA-000059,2026-08-23T19:47:26.217734-03:00,WEEK-000002,INGRESO_CAMARA,EXTERNO,CAMARA,,CAM-LIM-000007,LIMON_AL_AGUA,1,,,7.8,,,
MOV-000466,INGRESO-CAMARA-000060,2026-08-23T19:47:48.789104-03:00,WEEK-000002,INGRESO_CAMARA,EXTERNO,CAMARA,,CAM-MAN-000004,MANGO_AL_AGUA,1,,,7.8,,,
MOV-000467,INGRESO-CAMARA-000061,2026-08-23T19:48:36.303058-03:00,WEEK-000002,INGRESO_CAMARA,EXTERNO,CAMARA,,CAM-CSU-000005,CHOCOLATE_SUIZO,1,,,7.8,,,
MOV-000468,INGRESO-CAMARA-000062,2026-08-23T19:48:59.239985-03:00,WEEK-000002,INGRESO_CAMARA,EXTERNO,CAMARA,,CAM-CHO-000006,CHOCOLATE,1,,,7.8,,,
MOV-000469,INGRESO-CAMARA-000063,2026-08-23T19:49:22.441246-03:00,WEEK-000002,INGRESO_CAMARA,EXTERNO,CAMARA,,CAM-ALM-000014,CHOCOLATE_CON_ALMENDRAS,1,,,7.8,,,
MOV-000470,INGRESO-CAMARA-000064,2026-08-23T19:49:51.481208-03:00,WEEK-000002,INGRESO_CAMARA,EXTERNO,CAMARA,,CAM-CBO-000007,CHOCOLATE_BLANCO_OREO,1,,,7.8,,,
MOV-000471,INGRESO-CAMARA-000065,2026-08-23T19:50:56.300493-03:00,WEEK-000002,INGRESO_CAMARA,EXTERNO,CAMARA,,CAM-DUB-000002,CHOCOLATE_DUBAI,1,,,7.8,,,
MOV-000472,INGRESO-CAMARA-000065,2026-08-23T19:50:56.300493-03:00,WEEK-000002,INGRESO_CAMARA,EXTERNO,CAMARA,,CAM-DUB-000003,CHOCOLATE_DUBAI,1,,,7.8,,,
MOV-000473,INGRESO-CAMARA-000065,2026-08-23T19:50:56.300493-03:00,WEEK-000002,INGRESO_CAMARA,EXTERNO,CAMARA,,CAM-DUB-000004,CHOCOLATE_DUBAI,1,,,7.8,,,
MOV-000474,INGRESO-CAMARA-000066,2026-08-23T19:51:51.203830-03:00,WEEK-000002,INGRESO_CAMARA,EXTERNO,CAMARA,,CAM-SDL-000004,SUPER_DULCE_DE_LECHE,1,,,7.8,,,
MOV-000475,INGRESO-CAMARA-000067,2026-08-23T19:52:27.218447-03:00,WEEK-000002,INGRESO_CAMARA,EXTERNO,CAMARA,,CAM-DLG-000007,DULCE_DE_LECHE_GRANIZADO,1,,,7.8,,,
MOV-000476,INGRESO-CAMARA-000067,2026-08-23T19:52:27.218447-03:00,WEEK-000002,INGRESO_CAMARA,EXTERNO,CAMARA,,CAM-DLG-000008,DULCE_DE_LECHE_GRANIZADO,1,,,7.8,,,
MOV-000477,INGRESO-CAMARA-000067,2026-08-23T19:52:27.218447-03:00,WEEK-000002,INGRESO_CAMARA,EXTERNO,CAMARA,,CAM-DLG-000009,DULCE_DE_LECHE_GRANIZADO,1,,,7.8,,,
MOV-000478,INGRESO-CAMARA-000068,2026-08-23T19:52:50.804439-03:00,WEEK-000002,INGRESO_CAMARA,EXTERNO,CAMARA,,CAM-DDL-000004,DULCE_DE_LECHE,1,,,7.8,,,
MOV-000479,INGRESO-CAMARA-000069,2026-08-23T19:53:20.004870-03:00,WEEK-000002,INGRESO_CAMARA,EXTERNO,CAMARA,,CAM-DLN-000003,DULCE_DE_LECHE_CON_NUEZ,1,,,7.8,,,
MOV-000480,INGRESO-CAMARA-000069,2026-08-23T19:53:20.004870-03:00,WEEK-000002,INGRESO_CAMARA,EXTERNO,CAMARA,,CAM-DLN-000004,DULCE_DE_LECHE_CON_NUEZ,1,,,7.8,,,
MOV-000481,INGRESO-CAMARA-000070,2026-08-23T19:53:55.797374-03:00,WEEK-000002,INGRESO_CAMARA,EXTERNO,CAMARA,,CAM-BRW-000004,DULCE_DE_LECHE_BROWNIE,1,,,7.8,,,
MOV-000482,INGRESO-CAMARA-000071,2026-08-23T19:54:41.820043-03:00,WEEK-000002,INGRESO_CAMARA,EXTERNO,CAMARA,,CAM-AME-000005,AMERICANA,1,,,7.8,,,
MOV-000483,INGRESO-CAMARA-000071,2026-08-23T19:54:41.820043-03:00,WEEK-000002,INGRESO_CAMARA,EXTERNO,CAMARA,,CAM-AME-000006,AMERICANA,1,,,7.8,,,
MOV-000484,RECAMBIO-000014,2026-08-24T22:28:28.724322-03:00,WEEK-000002,LATA_AGOTADA,SALON,FUERA_STOCK,SAL-000050,,CAPUCCINO_GRANIZADO,1,0.355,0.355,0.0,0.355,0.0,
MOV-000484,RECAMBIO-000014,2026-08-24T22:28:28.724322-03:00,WEEK-000002,LATA_ABIERTA,SALON,SALON,SAL-000014,SAL-000014,CAPUCCINO_GRANIZADO,1,7.71,0.38,7.33,,,
MOV-000484,RECAMBIO-000014,2026-08-24T22:28:28.724322-03:00,WEEK-000002,CAMARA_A_SALON,CAMARA,SALON,CAM-CAP-000001,SAL-000082,CAPUCCINO_GRANIZADO,1,8.235,0.38,7.855,,,
MOV-000484,RECAMBIO-000014,2026-08-24T22:28:28.724322-03:00,WEEK-000002,CAMBIO_SABOR,SALON,SALON,SAL-000050,SAL-000014,CAPUCCINO_GRANIZADO,1,7.71,0.38,7.33,,,
MOV-000485,RECAMBIO-000015,2026-08-24T22:31:23.176769-03:00,WEEK-000002,LATA_AGOTADA,SALON,FUERA_STOCK,SAL-000036,,DULCE_DE_LECHE_BROWNIE,1,0.365,0.365,0.0,0.365,0.0,
MOV-000485,RECAMBIO-000015,2026-08-24T22:31:23.176769-03:00,WEEK-000002,LATA_ABIERTA,SALON,SALON,SAL-000021,SAL-000021,DULCE_DE_LECHE_BROWNIE,1,8.065,0.38,7.685,,,
MOV-000485,RECAMBIO-000015,2026-08-24T22:31:23.176769-03:00,WEEK-000002,CAMARA_A_SALON,CAMARA,SALON,CAM-BRW-000001,SAL-000083,DULCE_DE_LECHE_BROWNIE,1,8.04,0.38,7.66,,,
MOV-000485,RECAMBIO-000015,2026-08-24T22:31:23.176769-03:00,WEEK-000002,CAMBIO_SABOR,SALON,SALON,SAL-000036,SAL-000021,DULCE_DE_LECHE_BROWNIE,1,8.065,0.38,7.685,,,
MOV-000486,RECAMBIO-000016,2026-08-24T22:32:28.437203-03:00,WEEK-000002,LATA_AGOTADA,SALON,FUERA_STOCK,SAL-000006,,CHOCOLATE,1,0.425,0.425,0.0,0.425,0.045,
MOV-000486,RECAMBIO-000016,2026-08-24T22:32:28.437203-03:00,WEEK-000002,LATA_ABIERTA,SALON,SALON,SAL-000066,SAL-000066,CHOCOLATE,1,8.15,0.38,7.77,,,
MOV-000486,RECAMBIO-000016,2026-08-24T22:32:28.437203-03:00,WEEK-000002,CAMARA_A_SALON,CAMARA,SALON,CAM-CHO-000002,SAL-000084,CHOCOLATE,1,8.03,0.38,7.65,,,
MOV-000486,RECAMBIO-000016,2026-08-24T22:32:28.437203-03:00,WEEK-000002,CAMBIO_SABOR,SALON,SALON,SAL-000006,SAL-000066,CHOCOLATE,1,8.15,0.38,7.77,,,
